ID	toxic_elem	non_toxic_elem
0	Э блэт,мин футбол уйнарга яратам)	Э блэт,мин футбол уйнарга яратам)
1	Дорес эйтэсен авызынны сегим))))))	Дорес эйтэсен авызынны
2	блэт ойгэ бэрэнге корты керган,шуна нинди исем кушып була??	ойгэ бэрэнге керган,шуна нинди исем кушып була??
3	корт малай,...или..кыз...хуй пойми короче,но булышыгыз зинхар!	корт малай,...или..кыз...хуй пойми короче,но булышыгыз зинхар!
4	Узен сегеп ташларбыз бля	ташларбыз
5	теге, чуркалар сатып йорилэр бит эле обычно...шуны эйтэсенме?	сатып йорилэр эле обычно...шуны эйтэсенме?
6	узе усэ ул, заебали ул тырнакларыгыз белэн	усэ тырнакларыгыз белэн
7	егетем долбаеб,ни акчасы ни машинасы юк,ни эшлэми,эшлэргэ уйлыйсынмы дигэн идем упкэлэде	долбаеб,ни ни юк,ни эшлэми,эшлэргэ уйлыйсынмы дигэн упкэлэде
8	татарларның башка эше юк ич, марҗаның китабын тәрҗемә итәләр..	эше ич, марҗаның китабын тәрҗемә
9	пиздец, алкашка чыгарып бетерделэр и вообще, кем эйтте сон сезгэ мин эчтем дип_))	чыгарып бетерделэр и вообще, кем сон сезгэ мин эчтем дип_))
10	админ анонмно тугел дидем бит раздолбай булма инде)	админ анонмно раздолбай булма
11	бля))))маладис инде узен)))))	бля))))маладис
12	Хәзер инде бу сүз белән ахмак яки наив кешеләрне атыйлар.	Хәзер сүз белән ахмак яки наив
13	Эчсен,тартсын,маржа гына булмасын   	Эчсен,тартсын,маржа булмасын
14	нинди ахмаклар йортэ бездэ машинаны???	нинди йортэ машинаны???
15	Сэгэтлэп жибэрсэн выгодней,снимать итеп кылар бн ял итучелэр да@хуя булыр)))	Сэгэтлэп жибэрсэн выгодней,снимать итеп бн итучелэр да@хуя булыр)))
16	Аделия узе язып мазга  сегеп утырадыр эле))))	Аделия язып мазга утырадыр эле))))
17	ох блэт кызлар))	
18	узегездэн генэ алихэ ясамагыз инде бля!	генэ алихэ
19	язасын кайбер вакытта жавапта язмыйлар, каблук астына керу туйдыра например, вот потом и хуй забивают	язасын кайбер вакытта жавапта язмыйлар, каблук керу туйдыра например, вот потом и забивают
20	Сугенмэ, блэт!:))	Сугенмэ,
21	Сезгэ шул бляльлэр генэ кирэк инде йоргэндэ ...	Сезгэ бляльлэр генэ кирэк йоргэндэ ...
22	Эбием-татар карчыгы-булэклэр бирми иде, маржаны яраткан эчен каргый да, тирги иде	Эбием-татар карчыгы-булэклэр яраткан эчен да, тирги
23	Ой, башка группадан спиздили инде бу язманы)	Ой, группадан спиздили язманы)
24	хуйня инде бер суксан ката торган, куркып тормаска кирэк юк бар нэмэдэ	бер ката торган, куркып тормаска кирэк бар нэмэдэ
25	кеше бит нехира мында юк	нехира
26	ошамай икэн уебывайте,берседэ тотмый.	уебывайте,берседэ тотмый.
27	Все заебали,кайсы кызга барып эндэшмэ бар да блядь .......	Все заебали,кайсы кызга барып эндэшмэ бар да .......
28	Матур,аххххуенный жырлар жибэрегез эле дуслар;))	Матур,аххххуенный жибэрегез эле дуслар;))
29	Не заебалисьмы кызларны чэйнэп?	Не заебалисьмы чэйнэп?
30	хуйня ул, главный тазалык булсын_)))	главный
31	секте моны укырга  кыскача гына эйтеп бирегез.	секте укырга кыскача
32	эллэ маржалар безнен турында кыек суз эйтте?	турында кыек
33	Бу "не татарин" туйдырды инде, энэ маржушкаларга влюбляться итсен, татар кызларына карап селэгэй агызганчы	"не туйдырды энэ маржушкаларга влюбляться итсен, селэгэй агызганчы
34	а никого не нужно учить,ак каенга ак каен,уз раздолбай булсан шушы хатан да сина элэгер!	а никого не нужно учить,ак каенга ак каен,уз раздолбай булсан да элэгер!
35	татар кызы татарча язган булыр иде)маржа?	язган булыр иде)маржа?
36	шул кадэр синен яраткан ризыгынны бирсэлэр син дэ в ахуе булыр иден	кадэр синен яраткан ризыгынны бирсэлэр дэ в булыр иден
37	авызынны сегим сарык бля, булды житэр инде, мин анын бн сойлэшмим дэ	авызынны сарык мин анын бн сойлэшмим дэ
38	2 симкалы 2 нече эшлэми нихера)	2 симкалы 2 нече нихера)
39	оглянулся ниндидер охуенный зур хуйня очып китте, эт чаклы узе, койма остеннэн, жил чыгарып, яктыурыннан очканда канатларын курдем где то 2-3 метр не меньше	оглянулся ниндидер охуенный зур очып китте, эт чаклы койма остеннэн, жил чыгарып, яктыурыннан очканда канатларын курдем где то 2-3 метр не меньше
40	актанышта педиклар купме??	педиклар купме??
41	маржа телде аралашасын..татарлар бэлэн	телде аралашасын..татарлар бэлэн
42	синен, очен государство тугел дер, минем очен ул туган ил, государство бляяять!	синен, государство дер, минем ил, государство
43	Узем кайтам хэзер блэт:)	Узем кайтам хэзер
44	А мин ана эйттем: блэтлэрен кырнда бул, конлэшеп чере!	А мин ана эйттем: блэтлэрен кырнда бул, конлэшеп чере!
45	эх сез мескенлер, маржаларга ярарга булып бирелесез...уз туган телебезге горур булмый шул хадер матур телебезге.	эх сез мескенлер, ярарга булып бирелесез...уз телебезге горур булмый хадер матур телебезге.
46	Ешрак курсэтегез шул матур халыкны безнен блэтлэргэ, может уянып та китэрлэр.	Ешрак матур халыкны блэтлэргэ, может уянып та
47	ярый инде шунда эзерэк лох булырга	шунда булырга
48	Алтын Балыкка керен, так наебут, исерсэн здача бирмилэр, хэм кешедэн калганын  саталар!!!!	Балыкка так наебут, исерсэн здача бирмилэр, хэм калганын
49	Ахуенный жегеь Ильдар тугелме?:)	Ахуенный жегеь Ильдар
50	элек изге айда лохотрон бар иде)))5 сум тыгып акча коела торган))))))))	элек изге айда лохотрон бар сум коела торган))))))))
51	Бляяя нинди замана сон бу???	нинди замана сон
52	 Уже баганаларга доебались!	Уже баганаларга доебались!
53	Делать нех кешегэ!	Делать нех
54	Сораштыру үткәрергәме әллә,төркемне"марҗалар поймут"дип үзгәртергә?	Сораштыру үткәрергәме әллә,төркемне"марҗалар поймут"дип үзгәртергә?
55	Бушка бар анда, ансы так сказать "гавно" ул.	бар анда, ансы так сказать
56	Татарлар, ахмак булмагыз инде, үз җирегезгә хуҗа булыгыз!	ахмак үз җирегезгә хуҗа булыгыз!
57	эстэгэфирулла,нэрсэ дип яза бит,блэт)	эстэгэфирулла,нэрсэ дип яза бит,блэт)
58	охшамаса безнен авыл клубы,кит моннан)	авыл клубы,кит моннан)
59	Урыслашып беткәнсез инде, мин магазиннарда, башка урыннарда гел татарча сорыйм, татарча җавап бирәләр, хәтта марҗалар да татарча аңлый.	беткәнсез мин магазиннарда, урыннарда гел сорыйм, җавап бирәләр, хәтта да аңлый.
60	Яраткан кызым бар, тик ул егетләр бн аралаша, бывшыйлары яза  и дуслары,  үзе сөйли бар нәрсәнедә, егетләр бн очрашып йөри урамнарда йөрилар,  әйтегеә ничек көнләшүемне тотып торырга,  баырп күтләрен сегәсе килә( гафу итегез шундый сүзләргә)?	Яраткан бар, тик бн аралаша, бывшыйлары яза и дуслары, үзе сөйли бар нәрсәнедә, бн очрашып йөри урамнарда йөрилар, әйтегеә ничек көнләшүемне тотып торырга, баырп күтләрен сегәсе килә( гафу итегез сүзләргә)?
61	алкаш кешенен виськар тугел сасыган сэмэйгэ дэ акчасы булмый, хуйню не несите люди	виськар сэмэйгэ дэ булмый, не несите люди
62	у него дохуя баб будет сина гына калмас эле))))))	у него дохуя баб будет калмас эле))))))
63	заебали сез аяк атстына шартлаткыч	сез аяк атстына шартлаткыч
64	блэт, бу дорожникларнын акыллары бар микэн?	дорожникларнын акыллары бар
65	Сонгы сериясе булды буген,уксеплэр жыладым,не справедливо булып бетте блэт (((	Сонгы сериясе буген,уксеплэр жыладым,не справедливо булып бетте (((
66	Бу төркемдә (башкаларда кебек үк) ахмак әйберләр язучылар да, ясаучылар да бихисап, барысына җавап бирү яки аларның мөгамәләләре белән баш вату урынсыз.	төркемдә үк) ахмак әйберләр язучылар да, да бихисап, җавап бирү яки аларның мөгамәләләре белән вату урынсыз.
67	Сегенмэээн:)нихуя алай тугел:)	Сегенмэээн:)нихуя
68	кызык долбаеб егетнен кызы кем була икэн?	егетнен кем була
69	Дуслар маржа кызлары белэн йорегез,алар добрый,не то что безнен куктэн "очып" йори торган Актаныш кызлары	Дуслар белэн йорегез,алар добрый,не то что куктэн "очып" йори торган
70	Алмаз, марҗа кызын кияүгә ал	Алмаз, кияүгә ал
71	тышка чыгыгыз эле эз генэ булса да заебали	тышка чыгыгыз эле эз генэ булса да
72	яшэргэ ойрэтэ ул мине блэт... узенен кулыннан кутак ярысы да килми, айныгач махмырдан улеп бара торган кеше генэ инде узе)))	яшэргэ ойрэтэ мине кулыннан ярысы да килми, айныгач махмырдан улеп торган генэ
73	Малолетка кызлар дохуя икэн:)	Малолетка дохуя
74	бля сезгэ катле безнен эни эбилэр бетенесен эшлэгэннэр бит эле зарланмаганнар)	сезгэ катле эни бетенесен эшлэгэннэр эле зарланмаганнар)
75	Уз кузен белэн курмэсэн жыен эктем-сектемнен сузенэ ышанып ятма Регинакаем......	кузен белэн эктем-сектемнен сузенэ ышанып ятма Регинакаем......
76	Нах яздыгыз бля,мина садиктан добавляются уже кызлар:ъ	бля,мина садиктан добавляются уже
77	не ну вы вот че херню несете,сина кеше "бир" дисэ барып бирэсен мени??	не ну вы вот че несете,сина "бир" дисэ барып бирэсен мени??
78	кутен кергэн малым юк, ата- ана малы калмады, тапканыбыз хэлэл.	кергэн малым ата- ана малы тапканыбыз хэлэл.
79	Исэн,берни булмаган анда,пиздеж	Исэн,берни анда,пиздеж
80	Не хуя да гонах тугел инде аларга ышану)	Не хуя да гонах ышану)
81	Арча урамнары бик сагындыра бляха муха))	Арча урамнары бик сагындыра бляха муха))
82	бер нормальный кыз калмадыга дигэн егеткэ кайнар сэлам:)плохо ищешь,значит, лох син:)	бер дигэн кайнар сэлам:)плохо ищешь,значит,
83	Салкын монда блэт	Салкын
84	Кем куймый шул усрак)))	Кем куймый
85	пиздец бля, бер карыйм дорес чыга, тагын карыйм нихуя	бер дорес чыга, нихуя
86	Кем минем МужиГка пиздец ясый анда?	Кем минем МужиГка ясый анда?
87	выебываться итер очен чабкан кешелэр ну сез далбаеплар,сез анлагыз инде ременьда гел булышмый,результатлар печальный була,эйдэгез экренлэп кенэ по правилам ойри башлыйк э?	итер чабкан ну сез далбаеплар,сез анлагыз ременьда гел булышмый,результатлар печальный була,эйдэгез экренлэп правилам ойри э?
88	юк блэт :)	:)
89	"Эйэгез"-заебал бу суз...	"Эйэгез"-заебал
90	ике егет бер кыз очен кут ертып йорергэ тиеш тугел инде))	ике бер кут ертып йорергэ тиеш
91	КГЭУ да дохуядан да күберәк Татарлар!)))	КГЭУ да дохуядан да
92	Татар кызы ни, маржа ни- кайда аерма курэсез?	ни, ни- кайда аерма курэсез?
93	Марҗа  егетләрнең  чыраен  җимереп булса   марҗа  кызлары  белән  нишләргә)	чыраен җимереп булса белән нишләргә)
94	Купчелек  бит марҗа кызлары  каршы  чыга  татар теленә .	Купчелек чыга .
95	Алай итеп түгел инде, ахмак – озын итеп!	итеп ахмак – озын итеп!
96	Нихуя хочу дип кенэ булмый Инде ))))	Нихуя хочу дип булмый ))))
97	кутенэ тибэсе килэ ахрысы анын сина	тибэсе анын
98	корсаклы булмаса бер суземдэ юк,но блять на хуй ребенка травить	корсаклы булмаса бер суземдэ юк,но ребенка травить
99	Айгуль, эйе, татарлар тырышмыйлар маржаларга бирергэ.	Айгуль, тырышмыйлар бирергэ.
100	шапшак дип эйтэлэр	шапшак дип эйтэлэр
101	моллиегезне тотып сия белмэгэн башыгыз бн, 15-16 яшьлеклэргэ ымсынасыз эллэ????	моллиегезне тотып сия белмэгэн бн, 15-16 яшьлеклэргэ ымсынасыз
102	Бу маржа теле бер паразит кебек, тик ияреп йори шунда	теле бер тик ияреп йори шунда
103	Кыз алдаша башлады эле,кутенэ тибергэ микэн?	алдаша тибергэ
104	Татарча сөйләшәсезме бләт ?	сөйләшәсезме ?
105	Акыллы кеше аздан гына да бәхетле, ахмакка һәрвакыт җитми, шуңа күрә бик күп кешеләр бәхетсез (Франсуа де Ларошфуко).	Акыллы аздан да бәхетле, һәрвакыт җитми, шуңа күрә бик бәхетсез (Франсуа де Ларошфуко).
106	Кызлар очен икесе дэ хуйня булырга тиеш, вообще то!	икесе дэ булырга тиеш, вообще то!
107	Кутак башлар блять	
108	уляяяям мин хэзер, бу  херняны  ятлап	уляяяям мин хэзер, ятлап
109	бэтэк авыз,"кызым сина да" кая?:)	авыз,"кызым да" кая?:)
110	яратыгыз блэт аларны да,аларнын да бит йорэклэре бар!!!	аларны да,аларнын да йорэклэре бар!!!
111	80 елларда гел жигули, ваз, москвичта йоргэннэр берседэ гавно дип эйтмэгэндер эле!	80 елларда гел жигули, ваз, москвичта йоргэннэр дип эйтмэгэндер эле!
112	Кешешэ чэ телдэ яз эле заебал)))	чэ яз эле
113	Минем потолокка фотка ябыштырса берэу, эни башын сегеп ата)	Минем потолокка фотка ябыштырса эни ата)
114	Язуларга бэйлэнуче дахуя эмма соруга берэудэ жавап язмый шул!!!	Язуларга бэйлэнуче дахуя эмма соруга жавап язмый
115	ул лох тугел ул белем алырга телэгэн кеше була)	белем алырга телэгэн була)
116	атырга нахуй!	атырга
117	бля... минем ир тугел микэн	минем ир
118	шулай да Илсөяр дә ахмак	да Илсөяр дә ахмак
119	рэхмэт укытучыларга лучше укыр идем блять!!!	рэхмэт укытучыларга лучше
120	КАЙБЕР малайлар вообще охуели, млээээ сарык жыен.	КАЙБЕР малайлар вообще млээээ сарык
121	ууу,нинди нэфрэт чуркаларга,нишлэттелэр алар сине?))	ууу,нинди нэфрэт чуркаларга,нишлэттелэр
122	блэт нормальный кешеседэ калмады бу доняда,кичэ бер эби егылды,ничэмэ кеше узып китте берседэ булышмады,кая бара бу доня?	доняда,кичэ бер эби егылды,ничэмэ китте доня?
123	машина хлоп артка бара, блэт анда артта кирпичлар тора иде, бәргән кароч.. (((((((	машина хлоп артка анда кирпичлар тора бәргән кароч.. (((((((
124	Ятим бала тагын Кыш бабайга хат яза: Рэхмэт сина зур итеп кыш бабай, мин шундый бэхетле дие... ШАПКАН очен, БИЯЛЭЕН очен э менэ шарфны почтада спиздели норверное дигэн! )))	Ятим Кыш бабайга хат яза: Рэхмэт зур итеп кыш бабай, мин бэхетле дие... ШАПКАН БИЯЛЭЕН э менэ шарфны почтада спиздели норверное дигэн! )))
125	чуркалар хэр кызга бэйлэнэдер алар)))	хэр кызга бэйлэнэдер
126	Хатыннары маржа тугель ме?	Хатыннары ме?
127	татарИН дигән сүздән китә белмәделәр инде безнең ахмаклар.	дигән сүздән белмәделәр безнең
128	Да лох син, яшьрэклэре беткэн чтоли?	Да яшьрэклэре беткэн
129	юк, ниндий туңырга)) без -40 тышка щегабыз усрак айлягргя))	ниндий туңырга)) без -40 тышка щегабыз айлягргя))
130	Ващее пиздец эзрэк ашарга кирэк	Ващее кирэк
131	охуен жыр аааа!!!!	охуен жыр аааа!!!!
132	Салып торып жибэр берне пиздюкка	торып берне
133	Икенчесе шул ТАТАР теле белән язылышылырга тик "ә" хәрефе урынына "э" хәрефен куймаска урыс тугел дер ич беләт!	Икенчесе теле белән язылышылырга тик "ә" хәрефе урынына "э" куймаска дер ич беләт!
134	иренмәгез авызыңны сегим!	иренмәгез авызыңны
135	компын хуйня булгач булмый инде ул	компын булгач булмый
136	Блин,кайчан туктыйсыз сез,жыен хуйня язудан...	Блин,кайчан туктыйсыз сез,жыен язудан...
137	Бу маржа эбидер, бер дэ татарча сейлэшэ алмый.	эбидер, бер дэ сейлэшэ алмый.
138	Акча дохуя булса -була!)	дохуя булса -була!)
139	схуяли мишэрлэр то?	мишэрлэр то?
140	наполовину татарка, наполовину армянка булса марҗа була инде.	наполовину наполовину армянка булса була
141	Сария мозга сегеп утырма монда!!!!!	Сария мозга
142	Кызык блэт,кечкэ куып бетертем	блэт,кечкэ бетертем
143	Ике аягымда сызлый утереп, иртэгэ "матур" кон булыр ахры.блять	Ике аягымда сызлый утереп, иртэгэ "матур" булыр ахры.блять
144	Зур эш эшлэгэнсен икэн пиздец	Зур эш эшлэгэнсен
145	ваще лоханулась , огэ пробный, укытучыга эйтеп тора идем организатор гына эйбэт булсын иде дип, упс янда укытучы тора бутэн, мин аны тоже безнеке кебек сопровождающий дип торам ,э ул ,блин,организатор булып чыктыы.....	ваще лоханулась , огэ пробный, укытучыга тора организатор эйбэт дип, упс янда укытучы тора бутэн, мин аны тоже безнеке сопровождающий дип торам ,э ,блин,организатор булып чыктыы.....
146	Ох бля чапайлар килде((	чапайлар
147	как будто алар бу доньяда ин куп курган халык,бля минем эби даже алай ук ойратми..	как будто доньяда халык,бля минем эби даже ойратми..
148	давай юк бар кинэш биреп инетны засорять итеп утырман але,щенок	бар кинэш биреп инетны засорять итеп але,щенок
149	Кызларга яланымаска ялынсан кызлар эйтэлэр эй бу тегэлэй итте болай ите дип нахуй ялынмагыз бер кайчанда китсэ китсен значит ул синеке тугел табырсын эле дахуя ич алар беткэн мени эле аннан сон 30-40 белэн танышкан иле секкэн минемчэ ялынмаска	яланымаска ялынсан эйтэлэр тегэлэй итте ите дип ялынмагыз бер кайчанда китсен значит синеке табырсын эле дахуя ич беткэн мени эле сон 30-40 белэн танышкан иле секкэн минемчэ ялынмаска
150	Егэ огэ прочий хуйня кирэк тугел дип уйлыйм	Егэ огэ прочий кирэк дип уйлыйм
151	бля кочаклап алып пэп итэм))))	кочаклап пэп итэм))))
152	Ә мин барбер кибеткә керсәм,иң башта "исәнмесез"диям,татар булса,сатучы татарча җавап бирә,шунсы куандыра,кайбер марҗалар,вата-җимерә булса да,татарча җавап бирергә тырыша,кайберәүләр татар була торып та, русча сөйләшүен дәвам итә,ачу килә аларга((	Ә мин барбер кибеткә керсәм,иң "исәнмесез"диям,татар булса,сатучы җавап бирә,шунсы куандыра,кайбер марҗалар,вата-җимерә булса җавап бирергә тырыша,кайберәүләр була торып та, сөйләшүен дәвам итә,ачу килә
153	Мама русская булгач марҗа була инде, аңа татар теле кирәкми.	Мама русская булгач була аңа теле кирәкми.
154	мин блэт тугел)	мин
155	пиздец кызык булды..	
156	сагындым блэт...кайтасы килдеее(((=*	сагындым блэт...кайтасы килдеее(((=*
157	Ычкыныгыз блэтлэр, дип кычкырганнанр...	Ычкыныгыз блэтлэр, дип кычкырганнанр...
158	Бэлки ул кыз "блэтлэнеп" йоргэндер?)))	Бэлки "блэтлэнеп" йоргэндер?)))
159	нахуй кирэк правасыз йореп булмый боларда(	кирэк правасыз булмый боларда(
160	Мине маржага охшаталар	Мине охшаталар
161	бер кем дэ белми шул блэт...	бер кем дэ белми
162	нихуяда уйный алмыйлар	нихуяда уйный алмыйлар
163	чокырга рэсем,бик матур рэсеееем,мдааааа...сау булыгыз арчалылар,блять	чокырга рэсем,бик матур рэсеееем,мдааааа...сау булыгыз арчалылар,блять
164	Сегим нахуй ял итеп тумадым эле мин.))	итеп тумадым эле мин.))
165	Ебать арагызда долбоеблар бар узлэренен плоский юморлары белэн,мина стремно сезнен очен егетлэр	арагызда бар узлэренен плоский юморлары белэн,мина стремно сезнен
166	Уф...бетмэде мени эле ул, лохотрон и все, онытыгыз инде шул акчаларыгызны.	Уф...бетмэде мени эле лохотрон и все, акчаларыгызны.
167	Шундый яхшы кеше, лякин маржага ойлендэ....	яхшы лякин ойлендэ....
168	пиздец сез	сез
169	марҗалар безне җиңелмәс	безне җиңелмәс
170	бля назил буген армиягэ китэ(	назил буген армиягэ
171	татарча яза башлыйм инде,заебали!)	яза инде,заебали!)
172	татар палатасы блэт	палатасы
173	э хэзер набароот,хэзерге балалар С утра до вечера компютерда,вкда утыралар,кс уйныйлар,кс дан чыгарга куркалар хэзер,чыгып кире керсэн дорес тугел серверга керергэ можетсын,донья эллэ кая тэгэри бля,скоро безнен бн компьютер управлять итер инде!	э хэзер набароот,хэзерге балалар С до вечера компютерда,вкда утыралар,кс уйныйлар,кс дан чыгарга хэзер,чыгып кире керсэн дорес серверга керергэ можетсын,донья кая тэгэри бля,скоро бн компьютер управлять итер
174	бу хуйня без матайлар белэн машиналар белэн жыела идек	без матайлар белэн машиналар белэн жыела идек
175	мескенлер маржаларга ярарга хэм ошарга булып ящилер))	мескенлер ярарга хэм булып ящилер))
176	бля бу бит тормышта ин кирэк эибер!	тормышта кирэк эибер!
177	Чыга курмэн буген урамга, очып китэсез нахрен	Чыга буген урамга, очып китэсез
178	Хатын марҗа булса, ирнең туганнары туган тугел, гел уз туганнары ягына гына тарталар, татар гаиләләрендә бергә-бергә дуслашып яшиләр	булса, ирнең туганнары гел туганнары тарталар, гаиләләрендә бергә-бергә дуслашып яшиләр
179	нинди татар булсын бу, марҗа, өчпочмак ашагач, теле ачылган)	нинди өчпочмак ашагач, теле ачылган)
180	Ну обычно, тубэн должностьтагы чмошниклар шулай кыланалар)	Ну обычно, тубэн должностьтагы чмошниклар кыланалар)
181	эйе.. узе Cәбитова марҗаны сөйлягән	Cәбитова марҗаны сөйлягән
182	Базарда блэт	Базарда
183	нахуй сатып алырга если кешегэ нахуй да кирэк тугел узенеке?	сатып алырга если да кирэк
184	Кутагым хлорка бн дэ юса бетмэс шакшысы!	хлорка бн дэ юса бетмэс шакшысы!
185	маржалар белэн урысча сойлэшэсен инде, башкача булмый, андый жирдэ дэ татарлар эшли бит	белэн сойлэшэсен булмый, андый жирдэ дэ эшли
186	Хазер бу манкурт кызы маржа булды	Хазер манкурт
187	аларны инде нахуй)))	аларны
188	минем янда син пиздюшка гына икэн)	минем янда
189	Адым саен үзбәк, адым саен таҗик, Татарстан бләт!	Адым саен үзбәк, адым саен таҗик, Татарстан
190	Ленинга рәхмәт атегез шепещ мепещ диалект эцен тьфу бләт!	Ленинга рәхмәт атегез шепещ мепещ диалект эцен
191	ахмаклар да инде, әйтеп торалар сезгә Асаф Вәлиев җырлый "Эх, сез, матур кызлар" җырын.	да торалар сезгә Асаф Вәлиев җырлый "Эх, сез, матур җырын.
192	Это пиздец 17 яшьлек кыз очен	Это 17 яшьлек
193	Охуенно була икэн ату:-):-)	Охуенно була ату:-):-)
194	ни че се. кызлар чуркага карап язырга тиешме??	ни че се. язырга тиешме??
195	Фуууу сабыр итеп кайчан туктар дип утырырга чтоль,белден,сизден кутенэ тибеп жибэрергэ шунын янына	сабыр итеп кайчан туктар дип утырырга чтоль,белден,сизден тибеп жибэрергэ шунын янына
196	Кузенэ карап, кутен сегеп аттык короче	аттык короче
197	ир кеше жырлый хэм ул чурка булырга тиеш:))	ир жырлый хэм булырга тиеш:))
198	маржалар кеше тугел мэллэ алар?)))	
199	Жыр хуета, ни татарча ни русча, ул жырны язучынын акылын эт кочлэгэн	Жыр хуета, ни ни жырны язучынын эт кочлэгэн
200	ибо заебали уже теге ошай бу ошай диеп.	ибо уже диеп.
201	Ильнур, игътибар итсэн, уже исеменнэн ук куренэ, че за х....ня икэне.	Ильнур, игътибар итсэн, уже исеменнэн че за х....ня
202	Сырага акчалары беткэн"нэн генэ эуэлэнгэн хуета короче...	Сырага акчалары беткэн"нэн генэ эуэлэнгэн хуета короче...
203	Фил генэ булса хуйня але ул	Фил генэ булса але
204	Барысы да синен кебек аерым яши башласа ул Россия булмый э пиздец була!!!	Барысы да синен аерым яши башласа Россия булмый э була!!!
205	Самат, шана,динислам сезга купме тулилар ул мында эктем~сектем язырга?)))	Самат, шана,динислам сезга купме тулилар эктем~сектем язырга?)))
206	шулайдырда Но,хэзерге заманда аларны аякка бастыруыыыы Казан урамы буйлап кул сузып утыралар, тыккан берен табып баргач чурка хатыннары  Аллам узе сакласын алай йорулэрдэн...	шулайдырда Но,хэзерге заманда аларны аякка бастыруыыыы Казан урамы буйлап кул тыккан берен табып баргач хатыннары Аллам сакласын йорулэрдэн...
207	блэт,салават чемпион,ну быел таралып кына бара, и нихуя да уйнамыйлар	блэт,салават чемпион,ну быел таралып кына и нихуя да уйнамыйлар
208	нигэ ярьдэм сораган барлык просьба лохотрон диеп уйлыйлар сон?	ярьдэм сораган барлык просьба лохотрон диеп уйлыйлар сон?
209	ахах=))) бул катэ совсем ахуел инде))	ахах=))) бул катэ совсем
210	Хэзер как то пох*й ... Нахуй сон мина дидем..	Хэзер как то ... сон мина
211	30 яшлек егет....пиздец	30 яшлек егет....пиздец
212	Анын булган ди ике малае ике маржа малайлары дии)	Анын булган ди ике ике малайлары дии)
213	хуйня ул, главный тазалык булсын_))	главный
214	бля минем 165 кэ 2 см житми,нишлэргэ булыр инде	минем 165 кэ 2 см житми,нишлэргэ булыр
215	Эх сееез, херов бизнесменнар)))	Эх сееез, херов бизнесменнар)))
216	маржа килен булса, шулай узен селкенеп торасын кухняда.	булса, селкенеп торасын кухняда.
217	Ник соң русча язасыз, әллә марҗалармы сез?)	Ник соң язасыз, әллә сез?)
218	Нихуясе	Нихуясе
219	Автор, син ахуел?	Автор,
220	Бүген бер марҗа апа: "Татарларга сокланам, ерак туган булса да, ничек тә булса больницада яткан туганының хәлен белә, ә менә бездә алай түгел",-диде.	Бүген бер апа: сокланам, ерак булса да, ничек тә булса больницада яткан туганының хәлен белә, ә менә түгел",-диде.
221	кемгэдер кызык кирэк булгандыр инде сволочьлар!!!	кирэк булгандыр
222	заебись шуна курэ хайваннар ашый ич инде	заебись шуна ашый ич
223	Моның я әнисе марҗа, я әтисе урыс.	я әнисе я әтисе
224	Мин админ тугел блэт	Мин админ
225	заебись татарча жырлары калдырыгыз эле коментта пж) ( хуевыйларны калдырмагыз)	заебись калдырыгыз эле коментта ( хуевыйларны калдырмагыз)
226	иии халык сектерегэ ярата да инде!	иии сектерегэ ярата да
227	син исерек аунап яткан чакта как будто тату ясатырлык хэлен буламы?	аунап яткан чакта как будто тату ясатырлык хэлен буламы?
228	эз генэ булса да толковырак наеб уйла инде	эз генэ булса да толковырак наеб
229	тиеп кенэ карасыннар сина атам нахуй)))))	тиеп карасыннар атам
230	пиздеееец гафу сузлэрем очен ....	гафу сузлэрем ....
231	Син нәрсә сөйлисең,себерке,авызыңны чамалап ач,- дип җикеренде Зөфәр.	нәрсә сөйлисең,себерке,авызыңны чамалап ач,- дип җикеренде Зөфәр.
232	Анжелика тагын бэтэк или башлада хааааа))))	Анжелика или хааааа))))
233	всЁ укып бетердем,реально кызларга тиз ышанырга ярамый бляя...	всЁ бетердем,реально тиз ышанырга
234	куп сегенеп йорсэн кайдада сегеп китэлэр))	кайдада
235	ахуенчик	ахуенчик
236	Ак чәчле кызлар марҗалар белән ассоцицациям.	Ак чәчле белән ассоцицациям.
237	ботен дуслар авылда, э мин лох кебек казанда квартирада утырам	ботен дуслар авылда, э мин казанда квартирада
238	Тагын сегеп ятырга 18 яшьлек кызда кирэкмиме сон	ятырга 18 яшьлек кызда кирэкмиме сон
239	бер бака булдын инде,блэт!)	бер
240	Теш сызлый эле монда, хуйня бу проблема	Теш сызлый эле проблема
241	Чын татар егете марҗага өйләнми!	Чын өйләнми!
242	Балаларыгыз  блять	Балаларыгыз
243	Юлда бер ахмакка эзерэк!	Юлда бер
244	бля ничек жуеш чиремде корешеп була инде?	ничек жуеш чиремде корешеп була
245	Ясасалар да БЕР хуйня гына булыр инде.	Ясасалар да БЕР булыр
246	Саба Гимназиясы егетлэре ахуенны:)	Саба Гимназиясы ахуенны:)
247	Чаллыда китереп тарты нахуй янгыр кук ишелэ дип торам писнец булды койды чилэкляп:-o	Чаллыда китереп янгыр кук ишелэ дип торам койды чилэкляп:-o
248	белмим бутэннэрнен ничек тер но минем килеп чыга,а лохотроном дип ондэшэлэр кемнен килеп чыкмый,либо ленивый настолько...	белмим бутэннэрнен ничек тер но минем чыга,а лохотроном дип ондэшэлэр кемнен чыкмый,либо ленивый настолько...
249	"насрать" икән, күтеңне бөтен җиргә тыгып йөрмә	"насрать" икән, бөтен җиргә йөрмә
250	Алмаз, картайгач узенне маржа гроб ка салып жирляся аерманы курерсен	Алмаз, картайгач гроб ка жирляся аерманы
251	Актанышта инде берэр проблема чыкса , проблеманыны решайтучесе менэ шулай башлый: Нэмэ нахуй !!!))))	проблема чыкса , проблеманыны решайтучесе менэ Нэмэ !!!))))
252	29.03.14 ахуенный бер эйбер булды Актанытаа)	29.03.14 ахуенный бер эйбер Актанытаа)
253	ахуенный биедегез	ахуенный
254	Авылда бер маржа бушка товар таратып йори	Авылда бер таратып йори
255	но бэтэкне саклап йорергэме инде алар очен хэзер.алтын кутак тапканчы.	но саклап йорергэме хэзер.алтын тапканчы.
256	Рамис Абзый блядь нинди контра инде?	Рамис Абзый нинди контра
257	Гта 5 бэрергэ кирэк уже,нефига утеп булмый	Гта 5 бэрергэ кирэк уже,нефига утеп булмый
258	Тагын маржача язарга тотындылар=((((	язарга тотындылар=((((
259	шундый ук хуйня булды;)	
260	Бик охуенный жырлар!	Бик охуенный
261	авызыгызны сегим сугенмэгез эле иптэшлэр) гонах бит)	авызыгызны сугенмэгез эле гонах
262	Хуш, кукэем, сау бул, мин килгэнче дэу бул!	Хуш, кукэем, сау бул, мин килгэнче дэу бул!
263	Эээ, оныта язганмын, мэхэбэтэклэренэ миннэн бик зур хэм кайнар сэлэм!!!	Эээ, оныта язганмын, мэхэбэтэклэренэ миннэн бик зур хэм кайнар сэлэм!!!
264	Минемчэ хэр бер тартар баласына шулай эйтэлэр: Балам маржалар белэн ери курмэ!	Минемчэ хэр бер тартар эйтэлэр: Балам белэн ери
265	Илхам магазинындагы сатучы акча чутлый белми,мин бирдем ана 10сум хэм сатып алдым 7сумлык бер херняны,и она мне дала сдачу 7руб.	Илхам магазинындагы чутлый белми,мин бирдем ана 10сум хэм сатып алдым 7сумлык бер херняны,и она мне дала сдачу 7руб.
266	Егетлэр маржа сезне мэнге хормэт итмэячэк ,хыялланмагыз .	сезне мэнге хормэт итмэячэк ,хыялланмагыз .
267	Хормэт итеп татар телен ойрэнгэн бер генэ маржаны курсэтегез яисэ татар гореф гэдэтен тоткан ислам кабул иткэн …	Хормэт итеп ойрэнгэн бер генэ яисэ гореф гэдэтен тоткан ислам кабул …
268	Чаллыда квартира снимать итергэ кеше кирэк:) хуйня-муйня язмагыз))	Чаллыда квартира снимать итергэ кирэк:) хуйня-муйня
269	Бэз татар, бэз булдырабыз, анаболики для лохов!!!!	Бэз бэз булдырабыз, анаболики для лохов!!!!
270	я хуею урманда да урам исемнэре бар икэн	я хуею урманда да исемнэре бар
271	Безнен урамнан йогерэ башласан,  дунгыз булып кайтырсын	урамнан йогерэ булып кайтырсын
272	Каян килгэн дунгыз тагын ?	Каян килгэн ?
273	Нык матур итеп ял иткэннэр шушы коннэрдэ э артыннан жыештырмаганнар мэгэнэсез жыен!	Нык матур итеп иткэннэр коннэрдэ э артыннан жыештырмаганнар
274	 Бу кул янында ял итучелэр (дунгызлыр)!	кул янында итучелэр
275	Аларның дуңгызлар икәнен болай  да белә идек,тагы бер кат расладылар.	Аларның икәнен да белә идек,тагы бер кат расладылар.
276	Стена артындагы “дуңгыз”, карават пружиналарын шыгырдатып, икенче ягына әйләнеп ятты бугай.	Стена артындагы карават пружиналарын икенче әйләнеп ятты
277	Бирән, төнлә дә күшәп ятмасаң!	Бирән, төнлә дә күшәп ятмасаң!
278	Кызлар мин теге конне качкан дунгыз малаен таптым.	мин конне качкан таптым.
279	мин аны дунгыз урынына эчеп йоридер дип эзлэп йорим,собаканы	мин аны урынына эчеп йоридер дип эзлэп йорим,собаканы
280	Мин дэ шулай уйлыйым...лэкин бар дунгыз кешелер,кемдэ икенче уй бар(	Мин дэ уйлыйым...лэкин бар кешелер,кемдэ икенче бар(
281	Дуңгызлар үзләренең дуңгызлыкларын тагы бер кат расладылар.	үзләренең дуңгызлыкларын тагы бер кат расладылар.
282	Нинди дуңгыз бу	Нинди
283	баланы шулай мыскыл итеп була мени ..., дунгызлар ((	баланы итеп була мени ..., ((
284	Тагын дуңгыз булып кайткан!	булып кайткан!
285	дунгыз булганчы эчергэ 11 калды	булганчы эчергэ 11
286	Теге дунгыз айныган бит.	айныган
287	Таеп егылсаң, "дуңгыз булганчы эчкән"...	Таеп егылсаң, булганчы эчкән"...
288	эх син ужым бозавы,тагын дунгыз булгансын бит инде=)))))))))))	эх ужым бозавы,тагын булгансын
289	Тагын дуңгыз булып кайткан!	булып кайткан!
290	укол ясаганда егет кутен карап торырга вакыт юк	укол ясаганда торырга вакыт
291	Чыксан кутенне сегэлэр, тоннэ куренми, тэрэзэдэн башынны чыгарып йорергэ кирэк))))	Чыксан сегэлэр, тоннэ куренми, тэрэзэдэн чыгарып йорергэ кирэк))))
292	курэм, кутенэ бераз бирэсе бар.	курэм, бераз бирэсе бар.
293	ни ошамый сина... гел кешегэ бэйлэнэсен, лучше авызынны ябып,кутенне кысып кына утырсан иде.. ошамый икэн, ут тэ кит..	ни гел бэйлэнэсен, лучше авызынны ябып,кутенне кысып кына утырсан ут тэ
294	Ашама,кутен кортлый	Ашама,кутен кортлый
295	Эйтмэ дэ, тотып эшкерэсе нэрсэ!!!))))))	Эйтмэ дэ, тотып
296	Нинди спорт ди ана, кутен кутэреп йоклый энэ)))))))	Нинди спорт ди ана, кутэреп йоклый энэ)))))))
297	ул татарлардагына бар           балам башына ки кутен ката бит	татарлардагына бар балам башына ката
298	Ә авыл бәдрәфе вапще жәннәт инде,жәй көне чебен тулган,кыш көне күт ката	Ә авыл бәдрәфе вапще жәннәт көне чебен тулган,кыш көне ката
299	Кечерткән белән күтенә	Кечерткән белән
300	кайсы тилелэрегез укырга барды буген??)	кайсы тилелэрегез укырга барды буген??)
301	Җаныма җитсәң, күтеңә каеш эләгәчәк!	Җаныма җитсәң, каеш эләгәчәк!
302	Все кызыйкалар куп суз ,какашка суз ,тыныч йокы )	Все кызыйкалар ,тыныч йокы )
303	Че-то күтем сизә,редакциягә хә хатлар белән бөтен илдән бамбук киләчәк:))	Че-то күтем сизә,редакциягә хә хатлар белән бөтен илдән бамбук киләчәк:))
304	Инәңнең күте, монда эзләнсәң н игенә юк) атан бн анаң гына юк, тырышсаң анысында табып була)	Инәңнең эзләнсәң н игенә бн анаң анысында табып була)
305	Син шул төшеңдә генә шпилить итеп йөр инде аны.	төшеңдә шпилить итеп йөр аны.
306	вот блин ә ( мин сиңабер дигән егет таптым ә син аның күтенә типтең дисә дә була	вот ә ( мин сиңабер дигән таптым ә аның дисә дә була
307	кем ангыра инде?))))))))))	кем
308	Хыялланып утырма, пәп ит әнә күтемне!!!	Хыялланып әнә күтемне!!!
309	Дәү әни әйтмешли, күкнең күте тишелгән))))	Дәү әни күкнең тишелгән))))
310	Шайтан кутагы турында фикер белдерелде.	турында фикер белдерелде.
311	Күте, күзләре һәм тәненең башка өлешләре турында нәрсә әйтеп була икән?	күзләре һәм тәненең өлешләре турында нәрсә була икән?
312	тиле кебек Саратовка күтемне күтәреп киттем, ә миңа монда әлдә 2 ел торырга.	тиле Саратовка күтемне күтәреп киттем, ә миңа әлдә 2 ел торырга.
313	Әгәр дөнья сиңа күте белән борылса, күтенә тип	Әгәр дөнья сиңа белән борылса, тип
314	күтең с...п эшләрсең, мин ял итәм)))	с...п эшләрсең, мин итәм)))
315	Әгәрдә дөнья сезгә күте белән борылган икән..тибегез	Әгәрдә дөнья сезгә белән борылган икән..тибегез
316	күтеңнән пар чыкканчы бие	пар чыкканчы бие
317	Мин аларның керәшен булганнары өчен түгел, ә безнең Татар милләтенең бер өлеше булган өчен  "күтемне ертам".	Мин аларның булганнары ә безнең милләтенең бер өлеше булган "күтемне ертам".
318	Сезнең моны аңларлык миегез генә юк.	Сезнең аңларлык миегез
319	Ноктаңны күтеңә тык...	Ноктаңны тык...
320	хуйня ул,тазалык кына булсын)беткэн чтоль кеше..:)	кына булсын)беткэн
321	Вэт сугенергэ мэжбур итэ)))) блять))	Вэт сугенергэ мэжбур итэ))))
322	Хэ шулай язып - эйтеп карасынлар але блять	Хэ язып - карасынлар але
323	Ну бляха-муха безнен авылда кызлар урысоар артларыннан чабып йорилэр.	Ну бляха-муха авылда артларыннан чабып йорилэр.
324	кысасы килэ Инде ул урыслардан.	
325	Акыллы әйтер — юл куйдым, ахмак әйтер — җиңдем.	Акыллы әйтер — юл куйдым, ахмак әйтер —
326	мин бу кызларга ахуеваю!	мин ахуеваю!
327	болай да анлашыла бит, нахуй бэйлэнэсез кешегэ)	да анлашыла бэйлэнэсез
328	Бала чага хуйнясе  энэн бэтэге эшлэ инде	энэн
329	Ә Амалия, Илларияларны мескен, үз татарлыкларыннан оялган ахмаклар гына кушадыр ул.	Ә Амалия, Илларияларны мескен, үз татарлыкларыннан оялган кушадыр
330	Нинди абсурд, нинди ахмак сорау?	Нинди абсурд, нинди ахмак сорау?
331	Аңламыйча, ахмак, эшнең төбен,	Аңламыйча, ахмак, эшнең төбен,
332	хуйня ул, минем абый мине кыйнаган вакыты да булды саташып_)))	минем абый мине кыйнаган вакыты да саташып_)))
333	башын исэн булсын:)калганы хуйня	исэн булсын:)калганы
334	Ул кызнын долбоеб икэнен генэ анлата.	икэнен генэ анлата.
335	Белемсезлектән һәм бу илнең пропагандасыннан чыккан мәгънәсез ахмаклык ул. 	Белемсезлектән һәм илнең пропагандасыннан чыккан мәгънәсез ахмаклык
336	Рамис, ул бит синнэн хуйнямы бу дип сормаган	Рамис, синнэн дип сормаган
337	Акыллы кешеләр ярдәм итәр,ә көлүче ахмаклар булса,аларга төкерегез.	Акыллы ярдәм итәр,ә көлүче булса,аларга төкерегез.
338	телевизор аша алар телэгэн гавноинформация бара бит.	телевизор телэгэн гавноинформация
339	э безнен ,комп аша утыра алмаган бабай-этилэр шул гавно инфага ышанып утыралар.	э ,комп алмаган бабай-этилэр инфага ышанып
340	хуйня ул, главный тазалык булсын_)))	главный
341	моны синен егетен укыса ахуеет дина	синен укыса дина
342	дура бляадь тупая ,оныта алма мине,укен гомерен буе!!!	тупая ,оныта алма мине,укен гомерен буе!!!
343	Юк бля сине	
344	Баланны берэр еблан шушы хуйняга утыртса?	Баланны утыртса?
345	бля мин баралмыйм))	мин баралмыйм))
346	ну теге иине бар бит ине шунда баай теге айбер инда беласен але аны бар бит ине бер нарсса,ну анлаталмыйм ине ну теге ине все теге бля теге дим мин сина	ну иине бар шунда баай айбер инда беласен але аны бар бер нарсса,ну анлаталмыйм ну все дим мин
347	Ваемсыз халык шундый аермасын сизмэсэ, ботенлэй ахмак, надан икэне.	Ваемсыз сизмэсэ, ботенлэй ахмак, надан
348	Тэки тузмэдем, ачуны чыгардыгыз юк бар нэрсэ бн блять	Тэки тузмэдем, ачуны чыгардыгыз бар бн
349	Ну блин мындый хуйняны язмыйлар бит Инде)))	Ну язмыйлар
350	Заипали бу сорауларыгыз бн	сорауларыгыз бн
351	бля братан сине тагымыйм мин, Татарстан дигэч гэрсэ эйткэнне бик яхшы ан,ладын бит син	братан тагымыйм мин, Татарстан дигэч эйткэнне бик яхшы ан,ладын
352	Нахуй бы жибэрер идем,алдан уйларга кирэк,ул мина ошамый дип йорисе тугел	бы жибэрер идем,алдан уйларга кирэк,ул мина дип йорисе
353	хуйня ул, главный тазалык булсын_)	главный
354	Тик бу ахмак сүзне әйтер алдыннан,күп итеп акча туплап куярга онытмагыз.	Тик ахмак сүзне әйтер алдыннан,күп итеп туплап онытмагыз.
355	урысларга ярарга тырышып исем фамилияне узгэрту ахмаклык инде ул.	ярарга тырышып исем фамилияне узгэрту ахмаклык
356	йормэсен иде долбаеб белэн, монда язып какой толк инде аны	йормэсен белэн, язып какой толк аны
357	Менэ яхшы сузлэр бу ичмасам)хуйня "гонять" итеп тэк утыра)	Менэ яхшы сузлэр ичмасам)хуйня "гонять" итеп тэк
358	Анын исэрлэнгэнен курсэгез, ушыгыз бетэ, слишком выебывается, ул бии белсэ эле можно промолчать.	Анын исэрлэнгэнен курсэгез, ушыгыз бетэ, слишком белсэ эле можно промолчать.
359	иртэгэ 1нче апрель,алданып бетербез инде бля))))	иртэгэ 1нче апрель,алданып бетербез
360	Хэ бля йогерэм сина акча салырга хахаха. Сектем эле.	Хэ йогерэм салырга хахаха. эле.
361	Аллаһы Тәгаләнең кануннары туктамыйча эшли, берәр милләт, дәүләт яки башка бер төркемгә аерым таләпләр кагылганын уйлау ахмаклык. 	Аллаһы Тәгаләнең кануннары туктамыйча эшли, берәр милләт, дәүләт яки бер төркемгә аерым таләпләр кагылганын ахмаклык.
362	хуйня га эйлэндереп бетерделэр группаны	га эйлэндереп бетерделэр группаны
363	Ой бля ботенесе умный шундый	Ой ботенесе
364	ир булгач кукэемэ спрашивайларда утыра соң ул, семейный эшлэр бн шөгыллэнсен	ир булгач кукэемэ спрашивайларда соң семейный бн шөгыллэнсен
365	Анон, айда не бзди, эле генэ шулай сойлэнэсен син.	Анон, айда не бзди, эле генэ сойлэнэсен
366	бляха муха..вот ошый, гашыйк будым шул машинага	бляха муха..вот гашыйк будым машинага
367	Синен бер генэ тон йокламаганын хуйня ул)мин анын белэн ботенлэй саубуллаштым)	Синен бер генэ тон йокламаганын ул)мин анын белэн ботенлэй саубуллаштым)
368	Доресен эйтэм кайбер пешиход охуевать итэ)	Доресен эйтэм кайбер пешиход охуевать итэ)
369	Гулечка, Резеда, мозга сегеп утырмагыз, сез алай да булдыра алмыйсыздыр эле	Гулечка, Резеда, мозга сез да булдыра алмыйсыздыр эле
370	Бля , заебали жырнын сузлэрен язып	, жырнын сузлэрен язып
371	Шуннан бер маржа эбиен керэдэ	Шуннан бер эбиен керэдэ
372	Хатын кыз исэр инде ул,кием заказать итэ материал не-то,чэчэк заказать итэ черегэн,торт заказать итэ ошамый,кут...ма магазиннан белгэн жирдэн барып алмый ??	исэр ул,кием заказать итэ материал не-то,чэчэк заказать итэ черегэн,торт заказать итэ ошамый,кут...ма магазиннан белгэн жирдэн барып алмый ??
373	Узегез гаепле барышнялар хэзер ботен эйбердэ бар магазиннарда ,очсызга алам диеп хуета аласыз аннары жылыйсыз	гаепле барышнялар хэзер ботен бар магазиннарда ,очсызга алам диеп хуета аласыз аннары жылыйсыз
374	маржа да шул татар инде ул	да
375	андыйлар дохуя	андыйлар дохуя
376	Ләкин вакыт узган була, хатын марҗа, балалар урыслар, урыс гаиләсе була, хөрмәт юкка чыга, талашулар башлана.	Ләкин вакыт узган була, балалар гаиләсе була, хөрмәт юкка чыга, талашулар башлана.
377	Мунча заебись ,кара мунча булмаса.	Мунча заебись мунча булмаса.
378	Кайберлэре маржалардан да арттыра!	Кайберлэре да арттыра!
379	Аның хатыны марҗа, шуңа күрә аңлап бетерми.	Аның шуңа күрә аңлап бетерми.
380	Матрешка марҗаларныкы	Матрешка марҗаларныкы
381	Татарча сөйләшәбез,ләкин,балалар бакчасының марҗа тәрбиячесе белән аралашу,балага тискәре йогынты ясый.	сөйләшәбез,ләкин,балалар бакчасының тәрбиячесе белән аралашу,балага тискәре йогынты ясый.
382	дискотекага жырлар жибэрегез))прям охуенныларны))	дискотекага жибэрегез))прям охуенныларны))
383	Bäräkät дип яза башласак татарлар тилерә башлаган диярләр	Bäräkät дип яза башласак диярләр
384	минем киленнэр маржа	минем киленнэр
385	чыктым аркылы купер булды бу..маржадан башланып киткэн иде, анары яшкы бн энесе, шуннан сон бурегэ эйлэнде.. 	чыктым аркылы купер бу..маржадан башланып киткэн яшкы бн энесе, шуннан сон бурегэ эйлэнде..
386	Форднын 2гына Эйбэт 3 кузов Зур эчендэ урын Юк ни хуя.	Форднын Эйбэт 3 кузов Зур эчендэ урын ни хуя.
387	Безнен егетлэр ин чибэрлэр,маржалардан караганда)))	чибэрлэр,маржалардан караганда)))
388	Әгәр без хәзер бабалардан калган мирасларны сакламасак киләчәк буыннарыбыз урыс марҗалардан ким булмас.	Әгәр без хәзер калган мирасларны сакламасак киләчәк буыннарыбыз марҗалардан ким булмас.
389	Синен кебек тилелэр булса гына инде	Синен тилелэр булса
390	мин сине маржага бирмим)	мин бирмим)
391	сегеп салды инде ул))	салды
392	Хомзин заебал барда кайт инде	Хомзин барда кайт
393	Кутлэрен сегеп бетерэсе бар аларнын	Кутлэрен бетерэсе бар аларнын
394	Татарча гына язмыйлар,күбрәк марҗача.	язмыйлар,күбрәк
395	булыр бар ул ташлашсан аннары охуеешь как тяжело	булыр бар ташлашсан аннары охуеешь как тяжело
396	Язып тормыйм инде, а то охуеете	Язып а то охуеете
397	менә җәмәгать, бәрәнгене корт басты, ә авылны марҗа басты...	менә бәрәнгене корт басты, ә авылны басты...
398	бер "маржа" килгэн ич )))) укытучылар аны ойретергэ телилэр)) поп корн алып хэм карап момкинлек бар)))	бер килгэн ич )))) укытучылар аны ойретергэ телилэр)) поп хэм момкинлек бар)))
399	булды инде бер тапкыр,узе гаепле,илялэнделэр белэт,хэр бер кургэн кешегэ мин сине яратам диергэ,тора башлагач мавыгу гына дилэр,фу как сез заебали.	бер тапкыр,узе гаепле,илялэнделэр белэт,хэр бер кургэн мин яратам диергэ,тора башлагач мавыгу дилэр,фу как сез
400	Ләкин татар нидер үзенекен уйлый башласа, марҗаның каны кыза башлый	Ләкин нидер башласа, марҗаның каны
401	Күрерсегез, килеп чыга хәзер марҗалар белән йөргән-торган әдәмнәр, яклый башларлар.	Күрерсегез, чыга хәзер белән йөргән-торган әдәмнәр, яклый
402	2014нче ел ваще хуевый	2014нче ел ваще хуевый
403	татар кызлары юк) шуна курэ маржаларга эйлэнэлэр)	шуна эйлэнэлэр)
404	Татар малае -маржа кызы белэн	белэн
405	Чистый маржа булган бу	Чистый булган
406	Хәтта марҗа кызлары да безнең туган телне популярлаштыра, алга этәрә.	Хәтта да безнең телне популярлаштыра, алга этәрә.
407	карап утырдымда,уйлап куйдым эле,мин акшта укыган вакытта кечкенэ генэ булып йоргэн кызлар,хэзер бигрэк усеп киткэннэр,менэ тиз утэ икан гомер,мин прям даже прихуел бераз)))..	утырдымда,уйлап куйдым эле,мин акшта укыган вакытта кечкенэ генэ булып кызлар,хэзер бигрэк усеп киткэннэр,менэ тиз утэ икан гомер,мин прям даже прихуел бераз)))..
408	татар кызы ир эзли,сез тилерешеп чыгасыз.	ир эзли,сез тилерешеп чыгасыз.
409	б*эт татар палатасы пит бу, маржалар палатасы тугел ич	палатасы пит палатасы ич
410	эллэ минем тиле генэ тилерэме шул танчики дип?	минем тиле генэ тилерэме танчики дип?
411	безнен урам шундый заебись инде ул	заебись
412	Алмаз, сине тугел мине дэ сегеп ата кай вакыт))	Алмаз, мине дэ ата кай вакыт))
413	Икесендэ карадым заебись фильм   	Икесендэ карадым заебись фильм
414	татар кызларын хурлап язганнар шунын очен маржа алыгыз дидем.	хурлап язганнар шунын
415	Ипи кибетендэ,дененне сегим  	Ипи кибетендэ,дененне
416	Тик әнкәйдә дә әнисе язмышы - ир кайтмый,командирының кызы -марҗага өйләнеп,хезмәт иткән шәһәрендә кала.	Тик әнкәйдә дә әнисе язмышы - ир кайтмый,командирының өйләнеп,хезмәт иткән шәһәрендә кала.
417	юлэр син,ашамыйча кызлар куып йорисен	юлэр син,ашамыйча йорисен
418	Яра инде заеб кеше колдереп утырмагыз монда)))	Яра колдереп
419	маржа булса да ярый)	булса да
420	Торкемгэ керэсен, кайчак аптырап куям-эллэ мин маржа торкеменэ ялгыш кердем микэн дип?	Торкемгэ кайчак аптырап куям-эллэ мин торкеменэ ялгыш кердем дип?
421	Эллэ инде ошбу торкемдэ манкортлар утыра?...	ошбу торкемдэ
422	Пешеходные Актаныш та морда охуевший машина кургэч кирелеп чыгалар торле момент була.	Пешеходные та охуевший машина кургэч чыгалар торле момент була.
423	агач утыртып бетерделэр юл читенэ кем Килеп чыга анда хуй знать	утыртып бетерделэр юл читенэ кем чыга анда знать
424	Бу инде маржаларны да артта калдырган	да калдырган
425	Татар кызлар яратам, маржалар мина кирэкмий	яратам, мина кирэкмий
426	Шулай кирәк, ләкин  марҗалар үкерә башлыячаклар.	кирәк, ләкин үкерә башлыячаклар.
427	Бар бер инструктор Исеме булырНэкыйп, Узе кутакта белми Безне йогертэ знаккарарга дип	Бар бер инструктор Исеме булырНэкыйп, белми Безне йогертэ знаккарарга дип
428	Марҗа һәрвакыт марҗа булып кала, татарча сөйләшсә дә, мөселман булып кыланса да, үзенә үзе хыянәт итми.	һәрвакыт булып кала, сөйләшсә дә, мөселман булып кыланса да, үзенә үзе хыянәт итми.
429	Нихуя себе эниеннэн элэгэ сина сакланырга ярама ды чтоли	Нихуя себе эниеннэн элэгэ сакланырга ярама
430	Бәлки, марҗа сатучыга апаның милләте ошамадымы?	Бәлки, милләте ошамадымы?
431	Берәр марҗа язгавндыр инде, татарлар боолай язмас.	Берәр язгавндыр язмас.
432	Мич башында марҗа әби,	Мич башында
433	марҗа күрдем дип, ул хәтле башны югалтмыйлар)	күрдем дип, хәтле югалтмыйлар)
434	Заебали инде,жеп бирэм кирэк булса бер нинди таблеткалар да кирэк булмас	инде,жеп кирэк булса бер нинди таблеткалар да кирэк булмас
435	дохуя причина тагынКонкрет яз ничек ничек икэнен.	дохуя причина тагынКонкрет яз ничек ничек икэнен.
436	Икегездэ бер тиле икэнсез	Икегездэ бер тиле икэнсез
437	Танышым марҗа хатыны белән аерылыштылар яңа гына, җәй башында үтереп мактаган иде, хәзер әйтә, Аллага шөкер, котылдым, ди)	Танышым белән аерылыштылар җәй башында мактаган хәзер әйтә, Аллага шөкер, котылдым, ди)
438	белмим мине не заебал:)))))минем куптэн бетте ул:)	белмим мине не заебал:)))))минем куптэн бетте
439	Арчада кем дохуя сүгенә,спалился син	Арчада кем дохуя сүгенә,спалился
440	Алайса балаң үскәч марҗаларга тартылачак.	Алайса үскәч тартылачак.
441	эй жыен хуйня-муйня устереп сатасында, аннары кутэрелэсен инде)))))	хуйня-муйня устереп сатасында, аннары кутэрелэсен
442	Главное маржа булмасын	булмасын
443	Анда заебись бугай!	Анда заебись
444	хотя, минем мархум бабай эйтэ иде" заманасына кутак та булмаган анын, а вот кешесенэ булган"ди иде	хотя, минем мархум бабай эйтэ заманасына та анын, а вот кешесенэ булган"ди
445	Кемгэ кирэк шул укысын,суеп утерэм дисэлэр дэ эшли алмыйм шул кутакгесларны	кирэк укысын,суеп утерэм дисэлэр дэ эшли алмыйм кутакгесларны
446	Эй кутак кына  илэмэгез  инде: )	кына илэмэгез )
447	Егереп тоштем бакчага йогерме тиен акчага акчча тугел таш икэн вои син кутак баш икэн	Егереп тоштем йогерме тиен акчча вои
448	Синен кутак эшен бармы сон анда?)	Синен эшен бармы сон анда?)
449	белэт кая фоткалар,яналыклар,кутакта эшлэмисез пииизду)))))	кая фоткалар,яналыклар,кутакта эшлэмисез пииизду)))))
450	Эчеп барсан вообще пиздец була сина.	Эчеп вообще була
451	да да,5 аилык бала белэн 1 сэгать очереть торырга кирэк жыен чирле кеше янында,еще кергэч грубить иткэн булалар кутак башлар белэт!!!!!!	да да,5 аилык белэн 1 сэгать очереть торырга кирэк чирле янында,еще кергэч булалар
452	кыска итэклэр темасына багышлап)))не опсикайтись)	кыска темасына багышлап)))не опсикайтись)
453	э эгэрдэ мудак булса, аны кыз уз кулында тотарга кирэк, минемчэ)	э эгэрдэ булса, аны кулында тотарга кирэк, минемчэ)
454	жибэр кутакны,жунсез кыз,озэсен бит,садист	кутакны,жунсез кыз,озэсен бит,садист
455	сектегез инде шул футбол белән,кутакларыма кирәк иде.	футбол белән,кутакларыма кирәк
456	Бала чага булмагыз инде жиен кутак баш сузеннэн кытырып	жиен сузеннэн
457	не секрет Анваровлар кутак башлар алар	не секрет Анваровлар
458	Бу группада кутак чэйнэп  утыручылар куп икэн, берсеннэн берсе умный блээт))	группада чэйнэп утыручылар берсеннэн берсе
459	Бала чагалар кутак калган микэн олылар эшенэ кысылмасыннар иде	чагалар калган эшенэ кысылмасыннар
460	Синен кутак эшен бармы минем хэлдэ врач чтоли	Синен эшен бармы минем хэлдэ
461	Купме эчэсе килэ,шул чаклым эчсен бала,нэмэ ана чамалап кына бирергэ,аз да булмасын hэм мэжбури дэ эчертергэ кирэкми,ул педиатр кутак белсен мени балага купме кирэк икэнен,бала купме эчэсе килэ,шул чаклым эчэ инде ул...	Купме эчэсе килэ,шул чаклым эчсен бала,нэмэ ана чамалап кына бирергэ,аз да булмасын hэм мэжбури дэ эчертергэ кирэкми,ул педиатр белсен мени балага купме кирэк икэнен,бала купме эчэсе килэ,шул чаклым эчэ
462	синен кутак эшен барма минем нишлэгэнемдэ	синен эшен минем нишлэгэнемдэ
463	минем сине ни эшлэвендэ кутак та эшем ачуым килмэгэе, но белэт узеннэн шундый принцесса язадын син...	минем ни эшлэвендэ та эшем ачуым килмэгэе, но узеннэн принцесса язадын
464	бер вакыт бер псих килэдэ,пиздец егетлэр,качып булмый ди.	бер вакыт бер псих килэдэ,пиздец егетлэр,качып булмый ди.
465	Баш эшлэми, кутак тора))	тора))
466	кутак та анламадым..	та анламадым..
467	кутак чэйнэп утырмасын монда,и хули монда яза андый сораулары белэн,сайт знакомствлар до хуя и больше.	чэйнэп яза андый сораулары белэн,сайт знакомствлар до хуя и больше.
468	Кутакбашлар шикелле чабып йорилэр дэ,эчеп, ангары авызларын бэтэклэндереп жылый башлыйлар	чабып йорилэр дэ,эчеп, ангары авызларын бэтэклэндереп жылый
469	)))арча авылында кутакта юк анда)	)))арча авылында анда)
470	Мартнын 8е кутак аларга ! ))	Мартнын 8е ! ))
471	Казанда кутак яумаган эле	Казанда эле
472	Бу кутакбаш килэме буген юкмы?	килэме буген юкмы?
473	Хэ куп мозга сегеп утырсан вообще бармыйм	Хэ мозга утырсан вообще бармыйм
474	Кутак башлар басып алган туган илебезне!	басып алган илебезне!
475	Чыннан да татар кызлары ин шэп хэм  матур,шуны да белмэгэч экэлэне нигэ кутакка тагып йорергэ сон ))	Чыннан да шэп хэм матур,шуны да белмэгэч экэлэне йорергэ сон ))
476	Бляш .....кая без катимся, раз ул сине кияуга алган ул мудак	.....кая без катимся, раз кияуга алган
477	Сабыйлар дигэн була, бер кутак башы ускэн бит.	дигэн була, бер ускэн
478	мин улгэч балаларым "Бабайдан куттакта калмаган " димэсен	мин улгэч балаларым калмаган " димэсен
479	актанышта нинди кутак баш форпостниклар барлыкка килгэн ул??	нинди форпостниклар барлыкка килгэн
480	нэрсэ ул монда оныткан бу кутак баш))	оныткан
481	кутак чэйнэп утырасын	чэйнэп
482	кутак илэргэ ботенесе дэ оста инде ул;)	илэргэ ботенесе дэ оста
483	минем бывший Актаныш районыннан, хэм ул мудак!	минем бывший районыннан, хэм
484	Ошатып аралашкан кызын сина кунакка килеп, башка егет бн икенче булмэгэ кунырга кереп китсен инде, пиздец инде бу.	Ошатып аралашкан кунакка бн икенче булмэгэ кунырга кереп китсен
485	Сегелеп бетегез,хэркемнен уз кайгысы узенэ иткэн,кендез стабикэ,абыстай,тенен,шмаралар сез,матур сузгэ кутак суырып йерисез	Сегелеп бетегез,хэркемнен кайгысы узенэ иткэн,кендез стабикэ,абыстай,тенен,шмаралар сез,матур сузгэ йерисез
486	Улым, коялэнмэ, бирэлмэсэн, авылда калырсын, тракторист булырсын, булт борырсын, кутак жоны кырырсын.	Улым, коялэнмэ, бирэлмэсэн, авылда калырсын, тракторист булырсын, булт борырсын, жоны кырырсын.
487	Петросян, блэ!	Петросян,
488	пиздец хэзерге яшьлэр	хэзерге яшьлэр
489	Эй блэт ташлар идем послать итер идем дип торалар кеше колкесе.	послать итер дип торалар колкесе.
490	Секте мине бу бала-чагалар..!	Секте мине бала-чагалар..!
491	Кысылмасалар иде, блэт	Кысылмасалар
492	Кароч сузлэре уземнеке минусын спиздил, жырнын тулысын тынларга була, но аларны тынлап булмый автор жырлый башлаганнан сон хэм бу вообще кызык тугел	Кароч сузлэре минусын спиздил, жырнын тулысын тынларга була, но аларны тынлап булмый автор жырлый сон хэм вообще
493	Бэтэгенэ приключения эзлэмэсэн иде син.	приключения эзлэмэсэн
494	Кермэ блэт кеше арасына	
495	2ай,нихуя кочле мэхэббэтегез	2ай,нихуя мэхэббэтегез
496	Шулай итеп блэтлеккэ чыгалар да инде))))	итеп блэтлеккэ чыгалар да
497	Берэр спорга кереп китсэн башлана инде, син пиздюшка авызынны яп, бла бла бла, уз яшенэ  купне белгэн, кургэн сыман	спорга кереп китсэн башлана авызынны яп, бла бла бла, яшенэ купне белгэн, кургэн сыман
498	блэт минем сонгы арада тош тэ кургэнем юк	минем сонгы арада тош тэ кургэнем
499	мине калдыра курмэгез тагы, блэт_)))	мине калдыра курмэгез тагы,
500	Денис, 6 Яшь дияргэ иден,тогда ышаныр иде  ссукан))	Денис, 6 Яшь дияргэ иден,тогда ышаныр
501	Эш эш эш блэт)	Эш эш эш
502	Урамдагы пиздюклардан башлап кызларга хэтле гопота.	Урамдагы хэтле гопота.
503	йшекне яп блэт !	йшекне яп !
504	Сабантуй закончился,блэт кайчан экзаменнарыгыз бетэр инде.	Сабантуй закончился,блэт кайчан экзаменнарыгыз бетэр
505	7дэ жыелалар дигэн иде,нихуяда кеше юк иде,колгэн очон пизды бирмилэр.	7дэ жыелалар дигэн иде,нихуяда иде,колгэн очон бирмилэр.
506	блэт,соенеп куйган идем инде сине курмим дип)булмады инде)	блэт,соенеп курмим дип)булмады
507	Вот блэт, мин бит шэхэр баласы мин монда мунча курмим бит))	Вот мин шэхэр баласы мин мунча курмим
508	Бу машина хатын кызданда куп сорый бер айда ботенесе тералде май алыштыр тэгэрмэч ал страховка йоргэн кыз нихуя анламый(((	машина кызданда сорый бер айда ботенесе тералде май алыштыр тэгэрмэч ал страховка нихуя анламый(((
509	Ана калса, мин пиздатый жырчы)) яздыра башлыйм эле блэ)))	Ана калса, мин пиздатый жырчы)) яздыра эле
510	Белмэгэн килеш,эттем сектем язып утырмагыз монда	Белмэгэн килеш,эттем язып
511	егет кеше уйлый аннары эшли- кыз кеше баштан эшли аннары уйлый нахрен мин шулай эшлэдем дип)))	аннары эшли- баштан эшли аннары мин эшлэдем дип)))
512	маймыл куте,мин дэ сине яратам)	куте,мин дэ яратам)
513	халляр ат сегэрлек буй гына житмей)	халляр ат сегэрлек буй житмей)
514	Эх сез матур кызлар ёбаный шалавылар...	Эх сез матур ёбаный шалавылар...
515	Эчми торган маймыл бн эчэ торганны ничек аерып була...непутевый коментларыгызны Котеп,эчми торган адэм	Эчми торган бн эчэ торганны ничек аерып була...непутевый коментларыгызны Котеп,эчми торган адэм
516	Бар,сэбэбе сине сегэргэ тиеш тугел,маймыл	Бар,сэбэбе сегэргэ тиеш тугел,маймыл
517	Язылган бит "эктем сектем попсушникларнын сайты тугел"	Язылган "эктем сайты
518	Бары тотып сегэчэк лучше кач !!!)))	Бары тотып сегэчэк лучше кач !!!)))
519	себерке сойлэшми бит ул	себерке
520	Сез егетляр берраз гына буталдыгыз, нинди оч сегэ? алты!)	Сез берраз буталдыгыз, нинди оч сегэ? алты!)
521	хэ язам инде тутырып,бирэлэр тучны  телефон тотмый сцук     	хэ язам тутырып,бирэлэр тучны телефон тотмый
522	ат сегэр иде буе гына житмэй))	ат сегэр буе житмэй))
523	Ятып йокларга нахрен	Ятып йокларга
524	уземэ инде 25 яшь(егет кеше) но блин акыл не хрена да юк....	уземэ 25 яшь(егет но акыл не да
525	бу яшьтэ эзерэк житди булырга кирэк икэнен анлыйм...но хаман да тиле сатып йорудэн туктамыйм=)))	яшьтэ житди булырга кирэк икэнен анлыйм...но да тиле сатып йорудэн туктамыйм=)))
526	Ильдар дорес язды, шалава…	Ильдар дорес язды, шалава…
527	Монда янгыр тугел кут пешэ)	янгыр кут пешэ)
528	шулай була ул егетен булмаса,маймылга кучэсен)))))))))))))	була булмаса,маймылга кучэсен)))))))))))))
529	Адаш сегэсен син	Адаш
530	Тоне буе эктем-сектем йоргэн кызлардан остенрэк курэм.	Тоне буе эктем-сектем остенрэк курэм.
531	Группадагы язулар ошамый икән тогда нахрена монда подписались??? 	Группадагы язулар икән тогда подписались???
532	Эттем-сектем эйберлэр язмагыз, бик кирэк иде)	Эттем-сектем эйберлэр бик кирэк
533	Иии жыен юк бар очен мозга сегэсез)	Иии бар мозга сегэсез)
534	Баргач аларны сегэлэр ди	Баргач аларны сегэлэр ди
535	Егетлэргэ сорау: "Кыз очен кут жырту!" андый понятия бармы ул?	сорау: кут жырту!" андый понятия бармы
536	ул кадэрле тупой сорау бирмэгез инде....	кадэрле сорау бирмэгез
537	тупость реально, кайчакта кызык	тупость реально, кайчакта
538	Менэ хэзер кут тобенэ килеп терэлгэч бер эйбер дэ белмибез.	Менэ хэзер кут тобенэ терэлгэч бер эйбер дэ белмибез.
539	директор ебаный дип эйтэлэр анда, подслушано мед.колледж дигэн группа тозегэн очен кутлэрен с##кэн.	директор дип эйтэлэр анда, подслушано мед.колледж дигэн группа тозегэн кутлэрен с##кэн.
540	урыс эйтмешли, какая х.й разница,главное минем язганны анладылар,э хата это ху...ня =)	какая разница,главное минем язганны анладылар,э хата это =)
541	акча очен кут жыртып китеп барган бит) авылдашларга концерт курсэтмичэ	кут жыртып барган авылдашларга концерт курсэтмичэ
542	кут белэн уйлауны туктатасы	кут белэн уйлауны туктатасы
543	мин как обычно, сонга калдым инде, кут битен генэ убеп алсам да житэ))	мин как обычно, сонга калдым кут битен генэ алсам да
544	егетлэр каршысында, кут селкеп йорисе юк эле:)	каршысында, кут селкеп йорисе эле:)
545	Э  нигэ сразу кут катырырга?	Э сразу кут
546	жайлыда инде Хэзер интернет булгач, кут ошетеп йорисе юк кызлар эзлэп  урамда))	жайлыда Хэзер интернет булгач, кут ошетеп йорисе эзлэп урамда))
547	Мин тоже сорыйм эле: кеше тычкач кут кыза	Мин тоже сорыйм эле: кут
548	кут катмасын очен яхшы киенергэ кирэк инде))	кут катмасын яхшы киенергэ кирэк
549	Урыс кутагым))	
550	Алыгыз ,ишетмисезме әллә,теләсә кая куегыз бу дураны!	әллә,теләсә кая
551	сон син аларга гел кут белэн борыласындыр.	сон гел кут белэн борыласындыр.
552	Бар да яхшы,тик кут ката	Бар да яхшы,тик кут ката
553	Чаевой очен,кут селкеп йору килешми	Чаевой очен,кут селкеп йору килешми
554	Ник кут ертасын алар очен, эллэ узен дэ шул шарагада эшлисен?	Ник кут ертасын дэ шарагада эшлисен?
555	Сунын жылылыгы 19 градус,ул кут катырыр очен менэ дигэн сузме инде?)	Сунын жылылыгы 19 градус,ул кут менэ дигэн сузме
556	Авылда кут ката хазер, шэхэрендэ генэ ят инде)))))))))))))	Авылда кут ката хазер, шэхэрендэ генэ
557	минемча , ничек тэ булмаса , тэлэге де булса , булай киенсэлэр ул эйбэтрек инде , ачык кут белэн йоргенче ... ))	минемча , ничек тэ булмаса , тэлэге де булса , киенсэлэр эйбэтрек , кут белэн йоргенче ... ))
558	кут катырыргамы?)	кут катырыргамы?)
559	Ах зарлардан туйган кунел ала блэззэт...	зарлардан туйган кунел ала блэззэт...
560	Кызларга:сез, кутагыма ябыгам дип чабасыз?	Кызларга:сез, ябыгам дип чабасыз?
561	Мэгьнэле жырламагач кутагыма жырлап йори мени,син шул селэгэенне агызып йорисен инде шунда	Мэгьнэле жырламагач йори мени,син селэгэенне агызып йорисен шунда
562	кутагыма сугенэсенмэ сон алайса?)	сугенэсенмэ сон алайса?)
563	Урыс кутагымнан белсенме татарча	белсенме
564	кутагым кутэрелде кэеф юк	кутэрелде кэеф
565	тикшерэ,кутагы торганлыгын)	тикшерэ,кутагы торганлыгын)
566	Ник кутагым татар бит без	Ник без
567	эй кутагым анда упкэли торган эйбер дэ юк бит)))	анда упкэли торган эйбер дэ
568	АКШнын узлэренен кысылмаган жирлэре юк,кутлэрен кысып тик ятсыннар	АКШнын узлэренен кысылмаган жирлэре юк,кутлэрен кысып тик ятсыннар
569	ни кутагыма русча язасыз узегез урыслашу турында?	ни язасыз турында?
570	сөйләшегез татарча хәм сегенмәгез урыслар арасында сытык кукәйләр кебек!)	сөйләшегез хәм сегенмәгез сытык кукәйләр
571	Кайгы кутагым	Кайгы
572	Иначе кута**ыма өйләнергәме	Иначе өйләнергәме
573	Ул ирлэрне ничек кутлэренэ утыртырга индэ?	ирлэрне ничек утыртырга индэ?
574	Прям эниен"улым кутагына жон чыкмаган"эле  диме???	Прям эниен"улым жон чыкмаган"эле диме???
575	Рамис кутенне алай кыздырма!	Рамис кыздырма!
576	Була кутагым мин хэр елны шулай каршы алам :)))	Була мин хэр елны алам :)))
577	кутенне кысып кына утыр	кысып кына
578	жэхэннэм кутендэ каян салыйм ди уземада сала алмыйм	жэхэннэм каян салыйм ди уземада сала алмыйм
579	Алар кутагым опг опг дип  кычкырып кына утыра белэлэр	опг опг дип кына белэлэр
580	канишны, кутагым, авыртсам эни орыша аннары_)))	канишны, эни орыша аннары_)))
581	И кутагым кутагым...)))	И
582	бер-беренэ ышанмагач ни кутагыма йорисез сон сез?)	бер-беренэ ышанмагач ни йорисез сон сез?)
583	Борчылма кутлэрен Дамир Амиреч сегэ аларнын , янган саламнары очен!!!!))))	Борчылма кутлэрен Дамир Амиреч сегэ аларнын , янган саламнары
584	Мунчада шпили вили уйнаганнар	Мунчада шпили вили уйнаганнар
585	хатыны булсада,кутагы сулга карый)	булсада,кутагы
586	кутлэрен сегэр идем	кутлэрен сегэр
587	Мин дустым алай итсэ, дустымнын кутен сегеп машинадан егып тошерер идем!	Мин дустым итсэ, дустымнын машинадан егып
588	Абыен шулай дэвам итсэ, сегеп тэ атырлар, анын Куз алдында!	Абыен дэвам итсэ, тэ анын алдында!
589	кутагыма кирак алдан ук билгеле була инде ул	кирак билгеле була
590	Нэрсэ тычкаклайсыз эллэ??))	тычкаклайсыз
591	тычмаган куткэ,бук ябешмэй	куткэ,бук ябешмэй
592	Кит кутагым мина бабник булырга эле мина 12 генэ яшь	мина булырга эле мина 12 генэ яшь
593	шэхэрдэ кутагым 80%кеше зарплатадан зарплатага яши,квартплата,бензин!!	шэхэрдэ зарплатадан зарплатага яши,квартплата,бензин!!
594	Әй, ахмаклар, аның нәрсәсе җирәнеч?	Әй, аның нәрсәсе җирәнеч?
595	яхшы татарлар хэзер эз хэм алар эллэ нинди маржаларга илэнэр.	яхшы хэзер эз хэм нинди илэнэр.
596	читкэрэк киттек, и бу кыз сумкасыннан ике бутылка Ледоф чыгарды, берсен ачты, очтэн берен авызыннан гына залпом эчте,кил эле монда дип минем башны иснэде икенче бутылканы мина суза..честно говоря мин охуел...)	читкэрэк киттек, и сумкасыннан ике бутылка Ледоф чыгарды, берсен ачты, очтэн берен авызыннан залпом эчте,кил эле дип минем икенче бутылканы мина суза..честно говоря мин охуел...)
597	Но блять энилэр алып кайтып китте т к апай икенче авылдан иде.	Но кайтып китте т к апай икенче авылдан
598	Әнә, бер катнаш туйда марҗа кодагый үзенекеләр белән таныштыру вакытында “деверь, шурин, свояченица, сношеница”ларын тәмам бутап бетерде.	Әнә, бер катнаш туйда кодагый үзенекеләр белән таныштыру вакытында “деверь, шурин, свояченица, сношеница”ларын тәмам бутап бетерде.
599	Бер марҗа хатыны малаен йөртте миңа.	Бер йөртте миңа.
600	Тулке менэ дуртенчегэ генэ менеп булмый, ни хуя!	Тулке менэ дуртенчегэ генэ менеп булмый, ни хуя!
601	эммэдэ лэкин бер оч ел элек шуны белдем кем миннэн колгэн аларнын тормышы хренова икэнен.	эммэдэ лэкин бер оч ел элек белдем кем миннэн колгэн аларнын тормышы хренова икэнен.
602	Сездэ барыгыз Шэбезбашка,ахуенно анда!!!	Шэбезбашка,ахуенно анда!!!
603	Ишекне бер карт марҗа ачты һәм кемне эзләп килүемне әйткәч	Ишекне бер ачты һәм кемне эзләп килүемне әйткәч
604	Әйтик, берәр үзгә кеше, берәр марҗа булса, ире күмелгән кабер түмгәген кочаклап, кычкырып бер елаган булыр иде, ләкин Надия аңа бармады, шулвакыт җанына шулхәтле читен булса да, ул тын торды, эченнән генә елады.	Әйтик, берәр үзгә берәр булса, ире күмелгән кабер түмгәген кочаклап, бер елаган булыр ләкин Надия аңа бармады, шулвакыт җанына шулхәтле читен булса да, торды, эченнән елады.
605	Шунда аларнын шпили-вили булды.	Шунда аларнын шпили-вили
606	– Сыра заводына технорук булып килгән менә дигән марҗага өйләндем!	– заводына технорук булып килгән менә дигән өйләндем!
607	Мин үзем мәсәлән шулай итәм, әле бер марҗаның да, яки урысның да үпкәләгәнен күргәнем юк, киресенчә авызларын гына ерып торалар)).	Мин үзем мәсәлән итәм, әле бер марҗаның да, яки да үпкәләгәнен күргәнем киресенчә авызларын ерып торалар)).
608	Анлагыз хуево Этиен сина бары отчествосын гына калдырганда.	Анлагыз хуево Этиен бары отчествосын калдырганда.
609	Ул старшийларын синен авылда гына невьебенно крутой инде по любому, казангамы анда или белмим нинди шэхэр сезгэ анда якын, барсалар узлэренен очколары жим жим дыр)))	старшийларын синен авылда невьебенно крутой любому, казангамы анда или белмим нинди шэхэр сезгэ анда якын, барсалар узлэренен очколары жим жим
610	хэм шул вакытта уйлап куясын инде нахуй надо дип.	хэм вакытта куясын надо дип.
611	Бөтенесе белә,я дурак	Бөтенесе
612	Мин сволочь.	Мин
613	Если син исэн-сау, таза, сэламэт, йореп торасын икэн шатланыгыз секкэн кызлар Хэм егетлэр шатланыгыыыыз.	Если исэн-сау, таза, сэламэт, торасын шатланыгыз секкэн Хэм шатланыгыыыыз.
614	Мужиклар сегеп атса?	атса?
615	Бу тош кенэ булган икэн, сегим диеп уйладым.	тош булган диеп уйладым.
616	Кутагымы чэйнэмэ, алар бэйлэнсэ бэйлэнеер	чэйнэмэ, бэйлэнсэ бэйлэнеер
617	Сука, сузем калмады:)	сузем
618	Шуннан "бакча артындагы талда" дия дия килеп чыккан раствррны корэк белэн против часавой булгатасын да и опять ябык форточкага " заебааал храпеть уже " дип кычкырасын)))	Шуннан артындагы талда" дия дия чыккан раствррны корэк белэн против часавой булгатасын да и опять ябык форточкага " храпеть уже " дип кычкырасын)))
619	Сез куз алдына китерегез урысны кайсы урысча анламыйда сойлэшмидэ....... какой нахрен ул урыс була сон?	Сез алдына китерегез кайсы анламыйда сойлэшмидэ....... какой була сон?
620	Эй кутагым заебали инде жылап, тегендэ бу, монда шул, сука нежные Блэт)	жылап, нежные
621	колбаса ашыйсыз, эллэ Анда итнен самый заебисеннэн фарш ясап яталар мы	колбаса ашыйсыз, Анда итнен самый заебисеннэн фарш ясап яталар
622	хуй сезгэ, тараканы да, кумагы да шунда, секми дэ ашыйсыз эле лачтыр лочтыр, тэмле дип))	сезгэ, тараканы да, кумагы да шунда, секми дэ ашыйсыз эле лачтыр лочтыр, тэмле дип))
623	Ну бля, неужели булганына шокер эйтеп яшэп булмый?!	Ну неужели булганына шокер яшэп булмый?!
624	Мескен Ике суздэ эйтэ алмый калды кутенэ типтелэр	Мескен Ике суздэ эйтэ алмый типтелэр
625	кутен ябышмасын)	ябышмасын)
626	берэунен дэ кутен катырып йорисе килми	берэунен дэ йорисе килми
627	ял коненда тик ойда  утырабыз инде, тышка щыксан кутен ката бит	коненда тик ойда тышка щыксан ката
628	Берузе яшэп карасын, кутенэ тигэч, тезлэнеп каршына басмас микэн.	Берузе яшэп тигэч, тезлэнеп каршына басмас
629	Ирсез калам дип уйлама, бетмэс монда жыен бук.	Ирсез калам дип уйлама, бетмэс
630	Бу очракта кутене генэ тугел , эллэнэрсэлэрэне жыртырга була .	очракта генэ , эллэнэрсэлэрэне жыртырга була .
631	Бу илдэ кутен белэн кадак суырсан да ,кешегэ ярап булмый.	илдэ белэн кадак суырсан да ярап булмый.
632	Актаныш урамнарын каммунальный них**да карамый,житэкчесе череп баеп бетте инде!	урамнарын каммунальный них**да карамый,житэкчесе череп баеп бетте
633	Токерэ хэзер халыкка , нигэ кутенэ тибеп чыгармыйлар !	Токерэ хэзер халыкка , тибеп чыгармыйлар !
634	Салкын эле,узен чык...кутене катып йор шунда))))	Салкын эле,узен чык...кутене йор шунда))))
635	Барып кутен с*к	Барып
636	кутен сегелсен иртэгэ,пешеп чык парада утыра-утыра..:))	сегелсен иртэгэ,пешеп чык парада утыра-утыра..:))
637	давай,крыса,сина да тэмле тошлэр..:))	давай,крыса,сина да тэмле тошлэр..:))
638	кутенне дэ сортеп бирмэскэме?	дэ бирмэскэме?
639	Ииии Аллам сезне бит бэйлэп куймаганнар, кутенэ тибеп чыгар	Ииии Аллам сезне бэйлэп куймаганнар, тибеп чыгар
640	але килэчэктэ аягын юып ,суында эчерер,мингерэу ишэк.	але килэчэктэ аягын юып ,суында эчерер,мингерэу ишэк.
641	Бу татар халкының хурлыгы, аны нигә куясыз?	хурлыгы, аны куясыз?
642	Татар башын татар ашаган,ул заманаларда да сатлык җаннар күп булган, урыс аракысына сатылып	ашаган,ул заманаларда да сатлык җаннар булган, аракысына сатылып
643	Пычырак телле эдэм синен дэ кукэй эшен бармы кешегэ шулай язарга	телле эдэм синен дэ эшен бармы язарга
644	ычкынып бара бу постепенно	постепенно
645	Машинаны куып кертү өчен, гараждан бу машинаны куып чыгарырга кирәк, сарык	Машинаны кертү гараждан машинаны чыгарырга кирәк, сарык
646	яшьлеген эрэм итэ инде, карт усырак белэн	яшьлеген эрэм итэ белэн
647	Ххатынын балаларын ташлап, яшь хатынга илэнде, хазер мактанып, кутак бэете укып утыра	Ххатынын балаларын ташлап, яшь хазер бэете
648	Давай мазга секмэ эле Иван	мазга секмэ эле Иван
649	Акерма сарек кебек	Акерма сарек
650	авызынны сегим нэрсэ бу	авызынны
651	ничек инде бу яшь матур кыз бу карт тэрене яратсан?	ничек яшь матур тэрене яратсан?
652	Акча очен берешеп беткэн бабай куенында яткачы,уз тинен, белан тормыш иту якшырак тугел микан.	берешеп беткэн бабай куенында яткачы,уз тинен, тормыш иту якшырак
653	косасы килэ инде бу Ильмирадан, жилбэзэк,ялганчы бер хатын инде..	Ильмирадан, жилбэзэк,ялганчы бер
654	Узбак кара халыкнын балаларын яклап ятканчы, татар телен саклап калса лар бик айбат булыр иде Миннехановка.	Узбак халыкнын балаларын яклап ятканчы, саклап калса лар бик айбат булыр Миннехановка.
655	Инде кайда карама шул кара халык басты, жыен авыру шулар дан чыга, сасып йорилар	кайда карама басты, авыру дан чыга, сасып йорилар
656	Кутак куз, барганда кая карый ул малай?	барганда кая
657	Кузенэ кутак ускэн штоли белэт	ускэн штоли
658	Эйдэ кутак чэйнэп йормэгез инде кичкэ таба	Эйдэ чэйнэп йормэгез кичкэ таба
659	Чукеч то арга ойрэн, кутак кул, ананны себрим	Чукеч то ойрэн, кул, себрим
660	Сектен син ашап.	Сектен ашап.
661	Мунча мени бу кутагым, абаааау	Мунча мени абаааау
662	Дивана ЧТОЛЬ Чапылдатма эле шул авызынны !!!	Дивана Чапылдатма эле авызынны !!!
663	кайсы районнан чыккан бу ужым бозады	кайсы районнан чыккан ужым бозады
664	Сегеп салды блэт нормальный рулонны	салды рулонны
665	Киракса узенне сегабез	Киракса сегабез
666	Кешесенэ лэгэсен бит инде ээээ теленне кутенэ тыгалар точно, аннары елама яме	Кешесенэ лэгэсен ээээ теленне тыгалар точно, аннары елама яме
667	Секкечен сынмасын	Секкечен сынмасын
668	Фу хашарат, аны сулап тормыйлар	хашарат, аны тормыйлар
669	Ник бу дуракны монда курсетелер дурдомга озатырга кирек	Ник курсетелер дурдомга озатырга кирек
670	Бу нинди псих хатын?	нинди псих
671	Бу бит сэлэмэт кеше тугел, дивана..	сэлэмэт дивана..
672	Тычкак	
673	Авызынны, улчэп ач берэз, оятсыз.	Авызынны, улчэп ач
674	Уф кыяфэтсез Яруллин хэтле бул эле башта, оятсыз	Уф кыяфэтсез Яруллин хэтле бул эле
675	Нишлэп бетте безнен егетлэр, хатын кыз сыман кут болгап жырлагач матур дип белэлэр микэн сон????	Нишлэп бетте сыман кут болгап жырлагач матур дип белэлэр сон????
676	Сэхнэдэ дэ артистлар шулай кылана бит, гел кут болгап жырлыйлар.	Сэхнэдэ дэ артистлар кылана гел кут болгап
677	Бушкуык, күптән вакыт иде	Бушкуык, күптән вакыт
678	Кутагым блэт кутагыма шул эйберне уйлап чыгардылар мени кутак башлар кутагым	эйберне чыгардылар мени
679	әнаңне сегәем бләт хайван жабыл	әнаңне жабыл
680	мозга секмә итәргә (	мозга секмә итәргә (
681	Э бу маржаланган әйтмим инде кем милләте буенча татар булып туган телен белми.	Э маржаланган әйтмим кем милләте буенча булып белми.
682	Юкны сойлеп утырма инде, елап стрисларга эз чыкмадын, кыланчык	Юкны сойлеп елап стрисларга эз чыкмадын, кыланчык
683	утыралар дингэ бирелдек диеп ерилэрдэ эчеп Се...шеп дин белэн чиста булдык диеп ерилэр но халык дурак тугел Кайсы тишектэн чыканыгызны Белэбез	дингэ бирелдек диеп ерилэрдэ эчеп Се...шеп дин белэн чиста диеп ерилэр но Кайсы тишектэн чыканыгызны Белэбез
684	Халык санын алу якынлашкан мэлдэ нинди тозсыз шаярту	санын алу якынлашкан мэлдэ нинди тозсыз шаярту
685	Артистлар сез сонгы елларны эллэ нишлэдегез, февраль аенда сэхнэ арты пычраклары сойлэпйордегез.	Артистлар сез сонгы елларны нишлэдегез, февраль аенда сэхнэ пычраклары сойлэпйордегез.
686	Жыен гайбэтче, мактанчык татар эстрадасында жыелган икэн.	гайбэтче, мактанчык эстрадасында жыелган
687	Хатыны бик матур, но жырчы тугел, нечего аны ияртеп йорерге, ат дулаганда бака ботын кыстырган кебек.	бик матур, но жырчы нечего аны ияртеп йорерге, ат дулаганда ботын кыстырган
688	Барда жырчы инде хазер этедэ бетедэ,акчан булса	Барда жырчы хазер этедэ бетедэ,акчан булса
689	Мишэр кутенне тишэр дип белми эйтмилэр шул.	дип белми эйтмилэр
690	Башка кайгылары юк от жира бесются илдэ сугыш бара артык акчаннны жибэр фронта оят кирэк шулкадэр кылануга	кайгылары жира бесются илдэ сугыш акчаннны фронта кирэк шулкадэр кылануга
691	Уф Аллам нига кирак инде бу хатын монда.	Уф Аллам нига кирак
692	Алла бар артис та эчкынды инде, тауба.	Алла бар артис та эчкынды тауба.
693	Ния бу ночной бабочка кебек киенгэн	Ния ночной бабочка киенгэн
694	Эстяга нишляден, алкаш хатынга ошагансын.	Эстяга нишляден,
695	Бер кызыгыда Юк, сэхнэдэ сойлэргэ ойрэн аннан чыгарсын, юнсезлек бу кем кушты сина шулай кыйланырга, тэртипсез бигрэк жэлсен унышлар сина...	Бер кызыгыда сэхнэдэ сойлэргэ ойрэн чыгарсын, юнсезлек кем кыйланырга, тэртипсез бигрэк жэлсен унышлар
696	Радикне беля без, а син кем сон, узен сойляп, узен колясен, мягнясез	Радикне без, а кем сон, сойляп, колясен, мягнясез
697	Кит бер колкоседэ юг, килештермилэр дэ ичмасам, надан ойорлэ, Радикнын тырнагынада тормый сыз бит, эзерэк чама белергэ кирэк	бер колкоседэ юг, килештермилэр дэ ичмасам, надан ойорлэ, Радикнын тырнагынада сыз чама белергэ кирэк
698	Татар телен кутарабез эдам колкесе	кутарабез эдам колкесе
699	То Миннехановтан кола ,то мэрхум булган жырчылардан,узен матур итеп жырларга ойран бу артистлар кебек булырга манкан кипмаган,урынына утырасынмы юкмы син тартипсез нарса.	То Миннехановтан кола ,то мэрхум булган жырчылардан,узен матур итеп ойран артистлар булырга кипмаган,урынына утырасынмы юкмы тартипсез
700	Син узенне сойлэгэннэрен яратмыйсын бит, ник кеше чэйнисен, ярты шэрэ тэнен куренеп тора торган кулмэк киеп жырладын, бэлки ул гаилэледер, гаилэсе бн яхшы торадыр, ирененне кара, ходаем, куркыныч, тишек ертыктан колэ ди, синен кебек.	сойлэгэннэрен яратмыйсын ник чэйнисен, ярты шэрэ тэнен куренеп тора торган кулмэк жырладын, бэлки гаилэледер, гаилэсе бн яхшы торадыр, ирененне ходаем, куркыныч, ертыктан колэ ди, синен
