ID	tat_toxic	tat_detox1
0	Э блэт,мин футбол уйнарга яратам)	Мин очкын йрк оча башласа...	Гомумн барыйк, моннан китйк	Безне кешелребез авыр хлд икн, нрс чен барыйк? Без Маранины яратабыз дип терелчкбезме?	Аларны берсе килеп безг хнзбчк булса, 'мин кызыксынмыйм' дип йтчкбез	Ялганга йлнмгез, ялганнан сакланыгыз	Ни чен зе зе белн сйлшсез?	Нинди яз, су салкын	Алар чен сидек д, су да берк	Глнара, кп вакыт тте, алашылган	Тп нрс - сламтлек!	Син нинди нрс турында сйлшсе, иптш?	Матвей, м син нрс булды, зене мгънсез сйлше леп булдымы?	Башка кызлар белн флирт ясама, алар сезне танып та белмс	Яхшы, сез д кызларсыз икн	Кызлар армияг китслр, аларны егетлре калуынмы, нрс икн? Мин аламыйм!	Алар белн дуслыкка кызмы, сезне ялгыш юлга китерерлр!	Без Энкэйг бармабыз, анда кызлар юк, баруны нрс хйраны бар?	Кп кызлар шундый, егетлр белн флирт ясаа, ахырда аларны ташлыйлар!	Эй, эй, аноним, мине фотоларда флирт ясаума! Син мине тибыма тгел!!!	Бу хакта сйлшмйк, тикшермйк	Сез сйлшдн ялкарыдыгызмы? Сез белн сйлшне нрс хйраны бар?!	Сез - кызны да яратылмаган егет!	Татар егетлре шундый, эчкч, аларны игътибар итмгез	Мин хзер ирекле! Мин нрс чен кттем?	Шундый сзлр язмагыз, лкмгез!!!	Ни чен шулай кулыны кйг алып утырасы, тора, эшл!	Сезне нрсгез бетте? Сезне проблемаыз нрс?	Сорау бир карлы булмаса да, шулай утыру ярамый!	Без беркемдн д куркмабыз, мма сез - яуызсыз, кешелрг караш та белмсез	Мин берднбер, ни булды, иптш?	Сез базар халыкларыннан да яманрак, кешелрне тыймыйсез!	Иптш, мин сйлйм, итрлек!;-) мондый имнлек нрс бу?	Мин сез белн хл каттым, тагын бер сз йтрг кирк юк	Аннары алар тура яктыртып крст башлыйлар - сез футболистсыз, алашылган, шулай эшлрг кирк юк	Алар сезне алдыйлар икн, сез д шуны белн ышанып ятасызмы?	Сез нкбт кпмтт алданасыз?	Татарлар шундый гына булып корыйлар икн	Леся, кырда ат бар, шуны нрс эшлрг белмисе, кагылма!	Кайт, Гата!	Кзтчн, алар барысы да сарык кебек, бер-берсен эчрлек	Матурылыкка ни зге бар? Без матурылыкны белбезме?	Мин бу балапарлардан бик туйдым, мин аларны яздырып бетердем, тмам	Кара тнлелр чен ясалган, мин аны алмам, буш	Кызлар, сезне егетлрегез сезг енси мнсбтк керерг йтс, сез эшлсезме?	Сезне 'ни кайда укый алам?' дигн сорауларыыздан бик туйдым, бу гит хбре тгел!	Сез кайда идеез, ни чен сезне монда крмдем?	Сезне WhatsApp'тан бик туйдым	Мин алашылган, сез белн хл каттым, алашылган	Яхшы, мин туалетка утырып алыйм...
1	Дорес эйтэсен авызынны сегим))))))
2	блэт ойгэ бэрэнге корты керган,шуна нинди исем кушып була??
3	корт малай,...или..кыз...хуй пойми короче,но булышыгыз зинхар!
4	Узен сегеп ташларбыз бля
5	теге, чуркалар сатып йорилэр бит эле обычно...шуны эйтэсенме?
6	узе усэ ул, заебали ул тырнакларыгыз белэн
7	егетем долбаеб,ни акчасы ни машинасы юк,ни эшлэми,эшлэргэ уйлыйсынмы дигэн идем упкэлэде
8	татарларның башка эше юк ич, марҗаның китабын тәрҗемә итәләр..
9	пиздец, алкашка чыгарып бетерделэр и вообще, кем эйтте сон сезгэ мин эчтем дип_))
10	админ анонмно тугел дидем бит раздолбай булма инде)
11	бля))))маладис инде узен)))))
12	Хәзер инде бу сүз белән ахмак яки наив кешеләрне атыйлар.
13	Эчсен,тартсын,маржа гына булмасын   
14	нинди ахмаклар йортэ бездэ машинаны???
15	Сэгэтлэп жибэрсэн выгодней,снимать итеп кылар бн ял итучелэр да@хуя булыр)))
16	Аделия узе язып мазга  сегеп утырадыр эле))))
17	ох блэт кызлар))
18	узегездэн генэ алихэ ясамагыз инде бля!
19	язасын кайбер вакытта жавапта язмыйлар, каблук астына керу туйдыра например, вот потом и хуй забивают
20	Сугенмэ, блэт!:))
21	Сезгэ шул бляльлэр генэ кирэк инде йоргэндэ ...
22	Эбием-татар карчыгы-булэклэр бирми иде, маржаны яраткан эчен каргый да, тирги иде
23	Ой, башка группадан спиздили инде бу язманы)
24	хуйня инде бер суксан ката торган, куркып тормаска кирэк юк бар нэмэдэ
25	кеше бит нехира мында юк
26	ошамай икэн уебывайте,берседэ тотмый.
27	Все заебали,кайсы кызга барып эндэшмэ бар да блядь .......
28	Матур,аххххуенный жырлар жибэрегез эле дуслар;))
29	Не заебалисьмы кызларны чэйнэп?
30	хуйня ул, главный тазалык булсын_)))
31	секте моны укырга  кыскача гына эйтеп бирегез.
32	эллэ маржалар безнен турында кыек суз эйтте?
33	Бу \"не татарин\" туйдырды инде, энэ маржушкаларга влюбляться итсен, татар кызларына карап селэгэй агызганчы
34	а никого не нужно учить,ак каенга ак каен,уз раздолбай булсан шушы хатан да сина элэгер!
35	татар кызы татарча язган булыр иде)маржа?
36	шул кадэр синен яраткан ризыгынны бирсэлэр син дэ в ахуе булыр иден
37	авызынны сегим сарык бля, булды житэр инде, мин анын бн сойлэшмим дэ
38	2 симкалы 2 нече эшлэми нихера)
39	оглянулся ниндидер охуенный зур хуйня очып китте, эт чаклы узе, койма остеннэн, жил чыгарып, яктыурыннан очканда канатларын курдем где то 2-3 метр не меньше
40	актанышта педиклар купме??
41	маржа телде аралашасын..татарлар бэлэн
42	синен, очен государство тугел дер, минем очен ул туган ил, государство бляяять!
43	Узем кайтам хэзер блэт:)
44	А мин ана эйттем: блэтлэрен кырнда бул, конлэшеп чере!
45	эх сез мескенлер, маржаларга ярарга булып бирелесез...уз туган телебезге горур булмый шул хадер матур телебезге.
46	Ешрак курсэтегез шул матур халыкны безнен блэтлэргэ, может уянып та китэрлэр.
47	ярый инде шунда эзерэк лох булырга
48	Алтын Балыкка керен, так наебут, исерсэн здача бирмилэр, хэм кешедэн калганын  саталар!!!!
49	Ахуенный жегеь Ильдар тугелме?:)
50	элек изге айда лохотрон бар иде)))5 сум тыгып акча коела торган))))))))
51	Бляяя нинди замана сон бу???
52	 Уже баганаларга доебались!
53	Делать нех кешегэ!
54	Сораштыру үткәрергәме әллә,төркемне\"марҗалар поймут\"дип үзгәртергә?
55	Бушка бар анда, ансы так сказать \"гавно\" ул.
56	Татарлар, ахмак булмагыз инде, үз җирегезгә хуҗа булыгыз!
57	эстэгэфирулла,нэрсэ дип яза бит,блэт)
58	охшамаса безнен авыл клубы,кит моннан)
59	Урыслашып беткәнсез инде, мин магазиннарда, башка урыннарда гел татарча сорыйм, татарча җавап бирәләр, хәтта марҗалар да татарча аңлый.
60	Яраткан кызым бар, тик ул егетләр бн аралаша, бывшыйлары яза  и дуслары,  үзе сөйли бар нәрсәнедә, егетләр бн очрашып йөри урамнарда йөрилар,  әйтегеә ничек көнләшүемне тотып торырга,  баырп күтләрен сегәсе килә( гафу итегез шундый сүзләргә)?
61	алкаш кешенен виськар тугел сасыган сэмэйгэ дэ акчасы булмый, хуйню не несите люди
62	у него дохуя баб будет сина гына калмас эле))))))
63	заебали сез аяк атстына шартлаткыч
64	блэт, бу дорожникларнын акыллары бар микэн?
65	Сонгы сериясе булды буген,уксеплэр жыладым,не справедливо булып бетте блэт (((
66	Бу төркемдә (башкаларда кебек үк) ахмак әйберләр язучылар да, ясаучылар да бихисап, барысына җавап бирү яки аларның мөгамәләләре белән баш вату урынсыз.
67	Сегенмэээн:)нихуя алай тугел:)
68	кызык долбаеб егетнен кызы кем була икэн?
69	Дуслар маржа кызлары белэн йорегез,алар добрый,не то что безнен куктэн \"очып\" йори торган Актаныш кызлары
70	Алмаз, марҗа кызын кияүгә ал
71	тышка чыгыгыз эле эз генэ булса да заебали
72	яшэргэ ойрэтэ ул мине блэт... узенен кулыннан кутак ярысы да килми, айныгач махмырдан улеп бара торган кеше генэ инде узе)))
73	Малолетка кызлар дохуя икэн:)
74	бля сезгэ катле безнен эни эбилэр бетенесен эшлэгэннэр бит эле зарланмаганнар)
75	Уз кузен белэн курмэсэн жыен эктем-сектемнен сузенэ ышанып ятма Регинакаем......
76	Нах яздыгыз бля,мина садиктан добавляются уже кызлар:ъ
77	не ну вы вот че херню несете,сина кеше \"бир\" дисэ барып бирэсен мени??
78	кутен кергэн малым юк, ата- ана малы калмады, тапканыбыз хэлэл.
79	Исэн,берни булмаган анда,пиздеж
80	Не хуя да гонах тугел инде аларга ышану)
81	Арча урамнары бик сагындыра бляха муха))
82	бер нормальный кыз калмадыга дигэн егеткэ кайнар сэлам:)плохо ищешь,значит, лох син:)
83	Салкын монда блэт
84	Кем куймый шул усрак)))
85	пиздец бля, бер карыйм дорес чыга, тагын карыйм нихуя
86	Кем минем МужиГка пиздец ясый анда?
87	выебываться итер очен чабкан кешелэр ну сез далбаеплар,сез анлагыз инде ременьда гел булышмый,результатлар печальный була,эйдэгез экренлэп кенэ по правилам ойри башлыйк э?
88	юк блэт :)
89	\"Эйэгез\"-заебал бу суз...
90	ике егет бер кыз очен кут ертып йорергэ тиеш тугел инде))
91	КГЭУ да дохуядан да күберәк Татарлар!)))
92	Татар кызы ни, маржа ни- кайда аерма курэсез?
93	Марҗа  егетләрнең  чыраен  җимереп булса   марҗа  кызлары  белән  нишләргә)
94	Купчелек  бит марҗа кызлары  каршы  чыга  татар теленә .
95	Алай итеп түгел инде, ахмак – озын итеп!
96	Нихуя хочу дип кенэ булмый Инде ))))
97	кутенэ тибэсе килэ ахрысы анын сина
98	корсаклы булмаса бер суземдэ юк,но блять на хуй ребенка травить
99	Айгуль, эйе, татарлар тырышмыйлар маржаларга бирергэ.
100	шапшак дип эйтэлэр
101	моллиегезне тотып сия белмэгэн башыгыз бн, 15-16 яшьлеклэргэ ымсынасыз эллэ????
102	Бу маржа теле бер паразит кебек, тик ияреп йори шунда
103	Кыз алдаша башлады эле,кутенэ тибергэ микэн?
104	Татарча сөйләшәсезме бләт ?
105	Акыллы кеше аздан гына да бәхетле, ахмакка һәрвакыт җитми, шуңа күрә бик күп кешеләр бәхетсез (Франсуа де Ларошфуко).
106	Кызлар очен икесе дэ хуйня булырга тиеш, вообще то!
107	Кутак башлар блять
108	уляяяям мин хэзер, бу  херняны  ятлап
109	бэтэк авыз,\"кызым сина да\" кая?:)
110	яратыгыз блэт аларны да,аларнын да бит йорэклэре бар!!!
111	80 елларда гел жигули, ваз, москвичта йоргэннэр берседэ гавно дип эйтмэгэндер эле!
112	Кешешэ чэ телдэ яз эле заебал)))
113	Минем потолокка фотка ябыштырса берэу, эни башын сегеп ата)
114	Язуларга бэйлэнуче дахуя эмма соруга берэудэ жавап язмый шул!!!
115	ул лох тугел ул белем алырга телэгэн кеше була)
116	атырга нахуй!
117	бля... минем ир тугел микэн
118	шулай да Илсөяр дә ахмак
119	рэхмэт укытучыларга лучше укыр идем блять!!!
120	КАЙБЕР малайлар вообще охуели, млээээ сарык жыен.
121	ууу,нинди нэфрэт чуркаларга,нишлэттелэр алар сине?))
122	блэт нормальный кешеседэ калмады бу доняда,кичэ бер эби егылды,ничэмэ кеше узып китте берседэ булышмады,кая бара бу доня?
123	машина хлоп артка бара, блэт анда артта кирпичлар тора иде, бәргән кароч.. (((((((
124	Ятим бала тагын Кыш бабайга хат яза: Рэхмэт сина зур итеп кыш бабай, мин шундый бэхетле дие... ШАПКАН очен, БИЯЛЭЕН очен э менэ шарфны почтада спиздели норверное дигэн! )))
125	чуркалар хэр кызга бэйлэнэдер алар)))
126	Хатыннары маржа тугель ме?
127	татарИН дигән сүздән китә белмәделәр инде безнең ахмаклар.
128	Да лох син, яшьрэклэре беткэн чтоли?
129	юк, ниндий туңырга)) без -40 тышка щегабыз усрак айлягргя))
130	Ващее пиздец эзрэк ашарга кирэк
131	охуен жыр аааа!!!!
132	Салып торып жибэр берне пиздюкка
133	Икенчесе шул ТАТАР теле белән язылышылырга тик \"ә\" хәрефе урынына \"э\" хәрефен куймаска урыс тугел дер ич беләт!
134	иренмәгез авызыңны сегим!
135	компын хуйня булгач булмый инде ул
136	Блин,кайчан туктыйсыз сез,жыен хуйня язудан...
137	Бу маржа эбидер, бер дэ татарча сейлэшэ алмый.
138	Акча дохуя булса -була!)
139	схуяли мишэрлэр то?
140	наполовину татарка, наполовину армянка булса марҗа була инде.
141	Сария мозга сегеп утырма монда!!!!!
142	Кызык блэт,кечкэ куып бетертем
143	Ике аягымда сызлый утереп, иртэгэ \"матур\" кон булыр ахры.блять
144	Зур эш эшлэгэнсен икэн пиздец
145	ваще лоханулась , огэ пробный, укытучыга эйтеп тора идем организатор гына эйбэт булсын иде дип, упс янда укытучы тора бутэн, мин аны тоже безнеке кебек сопровождающий дип торам ,э ул ,блин,организатор булып чыктыы.....
146	Ох бля чапайлар килде((
147	как будто алар бу доньяда ин куп курган халык,бля минем эби даже алай ук ойратми..
148	давай юк бар кинэш биреп инетны засорять итеп утырман але,щенок
149	Кызларга яланымаска ялынсан кызлар эйтэлэр эй бу тегэлэй итте болай ите дип нахуй ялынмагыз бер кайчанда китсэ китсен значит ул синеке тугел табырсын эле дахуя ич алар беткэн мени эле аннан сон 30-40 белэн танышкан иле секкэн минемчэ ялынмаска
150	Егэ огэ прочий хуйня кирэк тугел дип уйлыйм
151	бля кочаклап алып пэп итэм))))
152	Ә мин барбер кибеткә керсәм,иң башта \"исәнмесез\"диям,татар булса,сатучы татарча җавап бирә,шунсы куандыра,кайбер марҗалар,вата-җимерә булса да,татарча җавап бирергә тырыша,кайберәүләр татар була торып та, русча сөйләшүен дәвам итә,ачу килә аларга((
153	Мама русская булгач марҗа була инде, аңа татар теле кирәкми.
154	мин блэт тугел)
155	пиздец кызык булды..
156	сагындым блэт...кайтасы килдеее(((=*
157	Ычкыныгыз блэтлэр, дип кычкырганнанр...
158	Бэлки ул кыз \"блэтлэнеп\" йоргэндер?)))
159	нахуй кирэк правасыз йореп булмый боларда(
160	Мине маржага охшаталар
161	бер кем дэ белми шул блэт...
162	нихуяда уйный алмыйлар
163	чокырга рэсем,бик матур рэсеееем,мдааааа...сау булыгыз арчалылар,блять
164	Сегим нахуй ял итеп тумадым эле мин.))
165	Ебать арагызда долбоеблар бар узлэренен плоский юморлары белэн,мина стремно сезнен очен егетлэр
166	Уф...бетмэде мени эле ул, лохотрон и все, онытыгыз инде шул акчаларыгызны.
167	Шундый яхшы кеше, лякин маржага ойлендэ....
168	пиздец сез
169	марҗалар безне җиңелмәс
170	бля назил буген армиягэ китэ(
171	татарча яза башлыйм инде,заебали!)
172	татар палатасы блэт
173	э хэзер набароот,хэзерге балалар С утра до вечера компютерда,вкда утыралар,кс уйныйлар,кс дан чыгарга куркалар хэзер,чыгып кире керсэн дорес тугел серверга керергэ можетсын,донья эллэ кая тэгэри бля,скоро безнен бн компьютер управлять итер инде!
174	бу хуйня без матайлар белэн машиналар белэн жыела идек
175	мескенлер маржаларга ярарга хэм ошарга булып ящилер))
176	бля бу бит тормышта ин кирэк эибер!
177	Чыга курмэн буген урамга, очып китэсез нахрен
178	Хатын марҗа булса, ирнең туганнары туган тугел, гел уз туганнары ягына гына тарталар, татар гаиләләрендә бергә-бергә дуслашып яшиләр
179	нинди татар булсын бу, марҗа, өчпочмак ашагач, теле ачылган)
180	Ну обычно, тубэн должностьтагы чмошниклар шулай кыланалар)
181	эйе.. узе Cәбитова марҗаны сөйлягән
182	Базарда блэт
183	нахуй сатып алырга если кешегэ нахуй да кирэк тугел узенеке?
184	Кутагым хлорка бн дэ юса бетмэс шакшысы!
185	маржалар белэн урысча сойлэшэсен инде, башкача булмый, андый жирдэ дэ татарлар эшли бит
186	Хазер бу манкурт кызы маржа булды
187	аларны инде нахуй)))
188	минем янда син пиздюшка гына икэн)
189	Адым саен үзбәк, адым саен таҗик, Татарстан бләт!
190	Ленинга рәхмәт атегез шепещ мепещ диалект эцен тьфу бләт!
191	ахмаклар да инде, әйтеп торалар сезгә Асаф Вәлиев җырлый \"Эх, сез, матур кызлар\" җырын.
192	Это пиздец 17 яшьлек кыз очен
193	Охуенно була икэн ату:-):-)
194	ни че се. кызлар чуркага карап язырга тиешме??
195	Фуууу сабыр итеп кайчан туктар дип утырырга чтоль,белден,сизден кутенэ тибеп жибэрергэ шунын янына
196	Кузенэ карап, кутен сегеп аттык короче
197	ир кеше жырлый хэм ул чурка булырга тиеш:))
198	маржалар кеше тугел мэллэ алар?)))
199	Жыр хуета, ни татарча ни русча, ул жырны язучынын акылын эт кочлэгэн
200	ибо заебали уже теге ошай бу ошай диеп.
201	Ильнур, игътибар итсэн, уже исеменнэн ук куренэ, че за х....ня икэне.
202	Сырага акчалары беткэн\"нэн генэ эуэлэнгэн хуета короче...
203	Фил генэ булса хуйня але ул
204	Барысы да синен кебек аерым яши башласа ул Россия булмый э пиздец була!!!
205	Самат, шана,динислам сезга купме тулилар ул мында эктем~сектем язырга?)))
206	шулайдырда Но,хэзерге заманда аларны аякка бастыруыыыы Казан урамы буйлап кул сузып утыралар, тыккан берен табып баргач чурка хатыннары  Аллам узе сакласын алай йорулэрдэн...
207	блэт,салават чемпион,ну быел таралып кына бара, и нихуя да уйнамыйлар
208	нигэ ярьдэм сораган барлык просьба лохотрон диеп уйлыйлар сон?
209	ахах=))) бул катэ совсем ахуел инде))
210	Хэзер как то пох*й ... Нахуй сон мина дидем..
211	30 яшлек егет....пиздец
212	Анын булган ди ике малае ике маржа малайлары дии)
213	хуйня ул, главный тазалык булсын_))
214	бля минем 165 кэ 2 см житми,нишлэргэ булыр инде
215	Эх сееез, херов бизнесменнар)))
216	маржа килен булса, шулай узен селкенеп торасын кухняда.
217	Ник соң русча язасыз, әллә марҗалармы сез?)
218	Нихуясе
219	Автор, син ахуел?
220	Бүген бер марҗа апа: \"Татарларга сокланам, ерак туган булса да, ничек тә булса больницада яткан туганының хәлен белә, ә менә бездә алай түгел\",-диде.
221	кемгэдер кызык кирэк булгандыр инде сволочьлар!!!
222	заебись шуна курэ хайваннар ашый ич инде
223	Моның я әнисе марҗа, я әтисе урыс.
224	Мин админ тугел блэт
225	заебись татарча жырлары калдырыгыз эле коментта пж) ( хуевыйларны калдырмагыз)
226	иии халык сектерегэ ярата да инде!
227	син исерек аунап яткан чакта как будто тату ясатырлык хэлен буламы?
228	эз генэ булса да толковырак наеб уйла инде
229	тиеп кенэ карасыннар сина атам нахуй)))))
230	пиздеееец гафу сузлэрем очен ....
231	Син нәрсә сөйлисең,себерке,авызыңны чамалап ач,- дип җикеренде Зөфәр.
232	Анжелика тагын бэтэк или башлада хааааа))))
233	всЁ укып бетердем,реально кызларга тиз ышанырга ярамый бляя...
234	куп сегенеп йорсэн кайдада сегеп китэлэр))
235	ахуенчик
236	Ак чәчле кызлар марҗалар белән ассоцицациям.
237	ботен дуслар авылда, э мин лох кебек казанда квартирада утырам
238	Тагын сегеп ятырга 18 яшьлек кызда кирэкмиме сон
239	бер бака булдын инде,блэт!)
240	Теш сызлый эле монда, хуйня бу проблема
241	Чын татар егете марҗага өйләнми!
242	Балаларыгыз  блять
243	Юлда бер ахмакка эзерэк!
244	бля ничек жуеш чиремде корешеп була инде?
245	Ясасалар да БЕР хуйня гына булыр инде.
246	Саба Гимназиясы егетлэре ахуенны:)
247	Чаллыда китереп тарты нахуй янгыр кук ишелэ дип торам писнец булды койды чилэкляп:-o
248	белмим бутэннэрнен ничек тер но минем килеп чыга,а лохотроном дип ондэшэлэр кемнен килеп чыкмый,либо ленивый настолько...
249	\"насрать\" икән, күтеңне бөтен җиргә тыгып йөрмә
250	Алмаз, картайгач узенне маржа гроб ка салып жирляся аерманы курерсен
251	Актанышта инде берэр проблема чыкса , проблеманыны решайтучесе менэ шулай башлый: Нэмэ нахуй !!!))))
252	29.03.14 ахуенный бер эйбер булды Актанытаа)
253	ахуенный биедегез
254	Авылда бер маржа бушка товар таратып йори
255	но бэтэкне саклап йорергэме инде алар очен хэзер.алтын кутак тапканчы.
256	Рамис Абзый блядь нинди контра инде?
257	Гта 5 бэрергэ кирэк уже,нефига утеп булмый
258	Тагын маржача язарга тотындылар=((((
259	шундый ук хуйня булды;)
260	Бик охуенный жырлар!
261	авызыгызны сегим сугенмэгез эле иптэшлэр) гонах бит)
262	Хуш, кукэем, сау бул, мин килгэнче дэу бул!
263	Эээ, оныта язганмын, мэхэбэтэклэренэ миннэн бик зур хэм кайнар сэлэм!!!
264	Минемчэ хэр бер тартар баласына шулай эйтэлэр: Балам маржалар белэн ери курмэ!
265	Илхам магазинындагы сатучы акча чутлый белми,мин бирдем ана 10сум хэм сатып алдым 7сумлык бер херняны,и она мне дала сдачу 7руб.
266	Егетлэр маржа сезне мэнге хормэт итмэячэк ,хыялланмагыз .
267	Хормэт итеп татар телен ойрэнгэн бер генэ маржаны курсэтегез яисэ татар гореф гэдэтен тоткан ислам кабул иткэн …
268	Чаллыда квартира снимать итергэ кеше кирэк:) хуйня-муйня язмагыз))
269	Бэз татар, бэз булдырабыз, анаболики для лохов!!!!
270	я хуею урманда да урам исемнэре бар икэн
271	Безнен урамнан йогерэ башласан,  дунгыз булып кайтырсын
272	Каян килгэн дунгыз тагын ?
273	Нык матур итеп ял иткэннэр шушы коннэрдэ э артыннан жыештырмаганнар мэгэнэсез жыен!
274	 Бу кул янында ял итучелэр (дунгызлыр)!
275	Аларның дуңгызлар икәнен болай  да белә идек,тагы бер кат расладылар.
276	Стена артындагы “дуңгыз”, карават пружиналарын шыгырдатып, икенче ягына әйләнеп ятты бугай.
277	Бирән, төнлә дә күшәп ятмасаң!
278	Кызлар мин теге конне качкан дунгыз малаен таптым.
279	мин аны дунгыз урынына эчеп йоридер дип эзлэп йорим,собаканы
280	Мин дэ шулай уйлыйым...лэкин бар дунгыз кешелер,кемдэ икенче уй бар(
281	Дуңгызлар үзләренең дуңгызлыкларын тагы бер кат расладылар.
282	Нинди дуңгыз бу
283	баланы шулай мыскыл итеп була мени ..., дунгызлар ((
284	Тагын дуңгыз булып кайткан!
285	дунгыз булганчы эчергэ 11 калды
286	Теге дунгыз айныган бит.
287	Таеп егылсаң, \"дуңгыз булганчы эчкән\"...
288	эх син ужым бозавы,тагын дунгыз булгансын бит инде=)))))))))))
289	Тагын дуңгыз булып кайткан!
290	укол ясаганда егет кутен карап торырга вакыт юк
291	Чыксан кутенне сегэлэр, тоннэ куренми, тэрэзэдэн башынны чыгарып йорергэ кирэк))))
292	курэм, кутенэ бераз бирэсе бар.
293	ни ошамый сина... гел кешегэ бэйлэнэсен, лучше авызынны ябып,кутенне кысып кына утырсан иде.. ошамый икэн, ут тэ кит..
294	Ашама,кутен кортлый
295	Эйтмэ дэ, тотып эшкерэсе нэрсэ!!!))))))
296	Нинди спорт ди ана, кутен кутэреп йоклый энэ)))))))
297	ул татарлардагына бар           балам башына ки кутен ката бит
298	Ә авыл бәдрәфе вапще жәннәт инде,жәй көне чебен тулган,кыш көне күт ката
299	Кечерткән белән күтенә
300	кайсы тилелэрегез укырга барды буген??)
301	Җаныма җитсәң, күтеңә каеш эләгәчәк!
302	Все кызыйкалар куп суз ,какашка суз ,тыныч йокы )
303	Че-то күтем сизә,редакциягә хә хатлар белән бөтен илдән бамбук киләчәк:))
304	Инәңнең күте, монда эзләнсәң н игенә юк) атан бн анаң гына юк, тырышсаң анысында табып була)
305	Син шул төшеңдә генә шпилить итеп йөр инде аны.
306	вот блин ә ( мин сиңабер дигән егет таптым ә син аның күтенә типтең дисә дә була
307	кем ангыра инде?))))))))))
308	Хыялланып утырма, пәп ит әнә күтемне!!!
309	Дәү әни әйтмешли, күкнең күте тишелгән))))
310	Шайтан кутагы турында фикер белдерелде.
311	Күте, күзләре һәм тәненең башка өлешләре турында нәрсә әйтеп була икән?
312	тиле кебек Саратовка күтемне күтәреп киттем, ә миңа монда әлдә 2 ел торырга.
313	Әгәр дөнья сиңа күте белән борылса, күтенә тип
314	күтең с...п эшләрсең, мин ял итәм)))
315	Әгәрдә дөнья сезгә күте белән борылган икән..тибегез
316	күтеңнән пар чыкканчы бие
317	Мин аларның керәшен булганнары өчен түгел, ә безнең Татар милләтенең бер өлеше булган өчен  \"күтемне ертам\".
318	Сезнең моны аңларлык миегез генә юк.
319	Ноктаңны күтеңә тык...
320	хуйня ул,тазалык кына булсын)беткэн чтоль кеше..:)
321	Вэт сугенергэ мэжбур итэ)))) блять))
322	Хэ шулай язып - эйтеп карасынлар але блять
323	Ну бляха-муха безнен авылда кызлар урысоар артларыннан чабып йорилэр.
324	кысасы килэ Инде ул урыслардан.
325	Акыллы әйтер — юл куйдым, ахмак әйтер — җиңдем.
326	мин бу кызларга ахуеваю!
327	болай да анлашыла бит, нахуй бэйлэнэсез кешегэ)
328	Бала чага хуйнясе  энэн бэтэге эшлэ инде
329	Ә Амалия, Илларияларны мескен, үз татарлыкларыннан оялган ахмаклар гына кушадыр ул.
330	Нинди абсурд, нинди ахмак сорау?
331	Аңламыйча, ахмак, эшнең төбен,
332	хуйня ул, минем абый мине кыйнаган вакыты да булды саташып_)))
333	башын исэн булсын:)калганы хуйня
334	Ул кызнын долбоеб икэнен генэ анлата.
335	Белемсезлектән һәм бу илнең пропагандасыннан чыккан мәгънәсез ахмаклык ул. 
336	Рамис, ул бит синнэн хуйнямы бу дип сормаган
337	Акыллы кешеләр ярдәм итәр,ә көлүче ахмаклар булса,аларга төкерегез.
338	телевизор аша алар телэгэн гавноинформация бара бит.
339	э безнен ,комп аша утыра алмаган бабай-этилэр шул гавно инфага ышанып утыралар.
340	хуйня ул, главный тазалык булсын_)))
341	моны синен егетен укыса ахуеет дина
342	дура бляадь тупая ,оныта алма мине,укен гомерен буе!!!
343	Юк бля сине
344	Баланны берэр еблан шушы хуйняга утыртса?
345	бля мин баралмыйм))
346	ну теге иине бар бит ине шунда баай теге айбер инда беласен але аны бар бит ине бер нарсса,ну анлаталмыйм ине ну теге ине все теге бля теге дим мин сина
347	Ваемсыз халык шундый аермасын сизмэсэ, ботенлэй ахмак, надан икэне.
348	Тэки тузмэдем, ачуны чыгардыгыз юк бар нэрсэ бн блять
349	Ну блин мындый хуйняны язмыйлар бит Инде)))
350	Заипали бу сорауларыгыз бн
351	бля братан сине тагымыйм мин, Татарстан дигэч гэрсэ эйткэнне бик яхшы ан,ладын бит син
352	Нахуй бы жибэрер идем,алдан уйларга кирэк,ул мина ошамый дип йорисе тугел
353	хуйня ул, главный тазалык булсын_)
354	Тик бу ахмак сүзне әйтер алдыннан,күп итеп акча туплап куярга онытмагыз.
355	урысларга ярарга тырышып исем фамилияне узгэрту ахмаклык инде ул.
356	йормэсен иде долбаеб белэн, монда язып какой толк инде аны
357	Менэ яхшы сузлэр бу ичмасам)хуйня \"гонять\" итеп тэк утыра)
358	Анын исэрлэнгэнен курсэгез, ушыгыз бетэ, слишком выебывается, ул бии белсэ эле можно промолчать.
359	иртэгэ 1нче апрель,алданып бетербез инде бля))))
360	Хэ бля йогерэм сина акча салырга хахаха. Сектем эле.
361	Аллаһы Тәгаләнең кануннары туктамыйча эшли, берәр милләт, дәүләт яки башка бер төркемгә аерым таләпләр кагылганын уйлау ахмаклык. 
362	хуйня га эйлэндереп бетерделэр группаны
363	Ой бля ботенесе умный шундый
364	ир булгач кукэемэ спрашивайларда утыра соң ул, семейный эшлэр бн шөгыллэнсен
365	Анон, айда не бзди, эле генэ шулай сойлэнэсен син.
366	бляха муха..вот ошый, гашыйк будым шул машинага
367	Синен бер генэ тон йокламаганын хуйня ул)мин анын белэн ботенлэй саубуллаштым)
368	Доресен эйтэм кайбер пешиход охуевать итэ)
369	Гулечка, Резеда, мозга сегеп утырмагыз, сез алай да булдыра алмыйсыздыр эле
370	Бля , заебали жырнын сузлэрен язып
371	Шуннан бер маржа эбиен керэдэ
372	Хатын кыз исэр инде ул,кием заказать итэ материал не-то,чэчэк заказать итэ черегэн,торт заказать итэ ошамый,кут...ма магазиннан белгэн жирдэн барып алмый ??
373	Узегез гаепле барышнялар хэзер ботен эйбердэ бар магазиннарда ,очсызга алам диеп хуета аласыз аннары жылыйсыз
374	маржа да шул татар инде ул
375	андыйлар дохуя
376	Ләкин вакыт узган була, хатын марҗа, балалар урыслар, урыс гаиләсе була, хөрмәт юкка чыга, талашулар башлана.
377	Мунча заебись ,кара мунча булмаса.
378	Кайберлэре маржалардан да арттыра!
379	Аның хатыны марҗа, шуңа күрә аңлап бетерми.
380	Матрешка марҗаларныкы
381	Татарча сөйләшәбез,ләкин,балалар бакчасының марҗа тәрбиячесе белән аралашу,балага тискәре йогынты ясый.
382	дискотекага жырлар жибэрегез))прям охуенныларны))
383	Bäräkät дип яза башласак татарлар тилерә башлаган диярләр
384	минем киленнэр маржа
385	чыктым аркылы купер булды бу..маржадан башланып киткэн иде, анары яшкы бн энесе, шуннан сон бурегэ эйлэнде.. 
386	Форднын 2гына Эйбэт 3 кузов Зур эчендэ урын Юк ни хуя.
387	Безнен егетлэр ин чибэрлэр,маржалардан караганда)))
388	Әгәр без хәзер бабалардан калган мирасларны сакламасак киләчәк буыннарыбыз урыс марҗалардан ким булмас.
389	Синен кебек тилелэр булса гына инде
390	мин сине маржага бирмим)
391	сегеп салды инде ул))
392	Хомзин заебал барда кайт инде
393	Кутлэрен сегеп бетерэсе бар аларнын
394	Татарча гына язмыйлар,күбрәк марҗача.
395	булыр бар ул ташлашсан аннары охуеешь как тяжело
396	Язып тормыйм инде, а то охуеете
397	менә җәмәгать, бәрәнгене корт басты, ә авылны марҗа басты...
398	бер \"маржа\" килгэн ич )))) укытучылар аны ойретергэ телилэр)) поп корн алып хэм карап момкинлек бар)))
399	булды инде бер тапкыр,узе гаепле,илялэнделэр белэт,хэр бер кургэн кешегэ мин сине яратам диергэ,тора башлагач мавыгу гына дилэр,фу как сез заебали.
400	Ләкин татар нидер үзенекен уйлый башласа, марҗаның каны кыза башлый
401	Күрерсегез, килеп чыга хәзер марҗалар белән йөргән-торган әдәмнәр, яклый башларлар.
402	2014нче ел ваще хуевый
403	татар кызлары юк) шуна курэ маржаларга эйлэнэлэр)
404	Татар малае -маржа кызы белэн
405	Чистый маржа булган бу
406	Хәтта марҗа кызлары да безнең туган телне популярлаштыра, алга этәрә.
407	карап утырдымда,уйлап куйдым эле,мин акшта укыган вакытта кечкенэ генэ булып йоргэн кызлар,хэзер бигрэк усеп киткэннэр,менэ тиз утэ икан гомер,мин прям даже прихуел бераз)))..
408	татар кызы ир эзли,сез тилерешеп чыгасыз.
409	б*эт татар палатасы пит бу, маржалар палатасы тугел ич
410	эллэ минем тиле генэ тилерэме шул танчики дип?
411	безнен урам шундый заебись инде ул
412	Алмаз, сине тугел мине дэ сегеп ата кай вакыт))
413	Икесендэ карадым заебись фильм   
414	татар кызларын хурлап язганнар шунын очен маржа алыгыз дидем.
415	Ипи кибетендэ,дененне сегим  
416	Тик әнкәйдә дә әнисе язмышы - ир кайтмый,командирының кызы -марҗага өйләнеп,хезмәт иткән шәһәрендә кала.
417	юлэр син,ашамыйча кызлар куып йорисен
418	Яра инде заеб кеше колдереп утырмагыз монда)))
419	маржа булса да ярый)
420	Торкемгэ керэсен, кайчак аптырап куям-эллэ мин маржа торкеменэ ялгыш кердем микэн дип?
421	Эллэ инде ошбу торкемдэ манкортлар утыра?...
422	Пешеходные Актаныш та морда охуевший машина кургэч кирелеп чыгалар торле момент була.
423	агач утыртып бетерделэр юл читенэ кем Килеп чыга анда хуй знать
424	Бу инде маржаларны да артта калдырган
425	Татар кызлар яратам, маржалар мина кирэкмий
426	Шулай кирәк, ләкин  марҗалар үкерә башлыячаклар.
427	Бар бер инструктор Исеме булырНэкыйп, Узе кутакта белми Безне йогертэ знаккарарга дип
428	Марҗа һәрвакыт марҗа булып кала, татарча сөйләшсә дә, мөселман булып кыланса да, үзенә үзе хыянәт итми.
429	Нихуя себе эниеннэн элэгэ сина сакланырга ярама ды чтоли
430	Бәлки, марҗа сатучыга апаның милләте ошамадымы?
431	Берәр марҗа язгавндыр инде, татарлар боолай язмас.
432	Мич башында марҗа әби,
433	марҗа күрдем дип, ул хәтле башны югалтмыйлар)
434	Заебали инде,жеп бирэм кирэк булса бер нинди таблеткалар да кирэк булмас
435	дохуя причина тагынКонкрет яз ничек ничек икэнен.
436	Икегездэ бер тиле икэнсез
437	Танышым марҗа хатыны белән аерылыштылар яңа гына, җәй башында үтереп мактаган иде, хәзер әйтә, Аллага шөкер, котылдым, ди)
438	белмим мине не заебал:)))))минем куптэн бетте ул:)
439	Арчада кем дохуя сүгенә,спалился син
440	Алайса балаң үскәч марҗаларга тартылачак.
441	эй жыен хуйня-муйня устереп сатасында, аннары кутэрелэсен инде)))))
442	Главное маржа булмасын
443	Анда заебись бугай!
444	хотя, минем мархум бабай эйтэ иде\" заманасына кутак та булмаган анын, а вот кешесенэ булган\"ди иде
445	Кемгэ кирэк шул укысын,суеп утерэм дисэлэр дэ эшли алмыйм шул кутакгесларны
446	Эй кутак кына  илэмэгез  инде: )
447	Егереп тоштем бакчага йогерме тиен акчага акчча тугел таш икэн вои син кутак баш икэн
448	Синен кутак эшен бармы сон анда?)
449	белэт кая фоткалар,яналыклар,кутакта эшлэмисез пииизду)))))
450	Эчеп барсан вообще пиздец була сина.
451	да да,5 аилык бала белэн 1 сэгать очереть торырга кирэк жыен чирле кеше янында,еще кергэч грубить иткэн булалар кутак башлар белэт!!!!!!
452	кыска итэклэр темасына багышлап)))не опсикайтись)
453	э эгэрдэ мудак булса, аны кыз уз кулында тотарга кирэк, минемчэ)
454	жибэр кутакны,жунсез кыз,озэсен бит,садист
455	сектегез инде шул футбол белән,кутакларыма кирәк иде.
456	Бала чага булмагыз инде жиен кутак баш сузеннэн кытырып
457	не секрет Анваровлар кутак башлар алар
458	Бу группада кутак чэйнэп  утыручылар куп икэн, берсеннэн берсе умный блээт))
459	Бала чагалар кутак калган микэн олылар эшенэ кысылмасыннар иде
460	Синен кутак эшен бармы минем хэлдэ врач чтоли
461	Купме эчэсе килэ,шул чаклым эчсен бала,нэмэ ана чамалап кына бирергэ,аз да булмасын hэм мэжбури дэ эчертергэ кирэкми,ул педиатр кутак белсен мени балага купме кирэк икэнен,бала купме эчэсе килэ,шул чаклым эчэ инде ул...
462	синен кутак эшен барма минем нишлэгэнемдэ
463	минем сине ни эшлэвендэ кутак та эшем ачуым килмэгэе, но белэт узеннэн шундый принцесса язадын син...
464	бер вакыт бер псих килэдэ,пиздец егетлэр,качып булмый ди.
465	Баш эшлэми, кутак тора))
466	кутак та анламадым..
467	кутак чэйнэп утырмасын монда,и хули монда яза андый сораулары белэн,сайт знакомствлар до хуя и больше.
468	Кутакбашлар шикелле чабып йорилэр дэ,эчеп, ангары авызларын бэтэклэндереп жылый башлыйлар
469	)))арча авылында кутакта юк анда)
470	Мартнын 8е кутак аларга ! ))
471	Казанда кутак яумаган эле
472	Бу кутакбаш килэме буген юкмы?
473	Хэ куп мозга сегеп утырсан вообще бармыйм
474	Кутак башлар басып алган туган илебезне!
475	Чыннан да татар кызлары ин шэп хэм  матур,шуны да белмэгэч экэлэне нигэ кутакка тагып йорергэ сон ))
476	Бляш .....кая без катимся, раз ул сине кияуга алган ул мудак
477	Сабыйлар дигэн була, бер кутак башы ускэн бит.
478	мин улгэч балаларым \"Бабайдан куттакта калмаган \" димэсен
479	актанышта нинди кутак баш форпостниклар барлыкка килгэн ул??
480	нэрсэ ул монда оныткан бу кутак баш))
481	кутак чэйнэп утырасын
482	кутак илэргэ ботенесе дэ оста инде ул;)
483	минем бывший Актаныш районыннан, хэм ул мудак!
484	Ошатып аралашкан кызын сина кунакка килеп, башка егет бн икенче булмэгэ кунырга кереп китсен инде, пиздец инде бу.
485	Сегелеп бетегез,хэркемнен уз кайгысы узенэ иткэн,кендез стабикэ,абыстай,тенен,шмаралар сез,матур сузгэ кутак суырып йерисез
486	Улым, коялэнмэ, бирэлмэсэн, авылда калырсын, тракторист булырсын, булт борырсын, кутак жоны кырырсын.
487	Петросян, блэ!
488	пиздец хэзерге яшьлэр
489	Эй блэт ташлар идем послать итер идем дип торалар кеше колкесе.
490	Секте мине бу бала-чагалар..!
491	Кысылмасалар иде, блэт
492	Кароч сузлэре уземнеке минусын спиздил, жырнын тулысын тынларга була, но аларны тынлап булмый автор жырлый башлаганнан сон хэм бу вообще кызык тугел
493	Бэтэгенэ приключения эзлэмэсэн иде син.
494	Кермэ блэт кеше арасына
495	2ай,нихуя кочле мэхэббэтегез
496	Шулай итеп блэтлеккэ чыгалар да инде))))
497	Берэр спорга кереп китсэн башлана инде, син пиздюшка авызынны яп, бла бла бла, уз яшенэ  купне белгэн, кургэн сыман
498	блэт минем сонгы арада тош тэ кургэнем юк
499	мине калдыра курмэгез тагы, блэт_)))
500	Денис, 6 Яшь дияргэ иден,тогда ышаныр иде  ссукан))
501	Эш эш эш блэт)
502	Урамдагы пиздюклардан башлап кызларга хэтле гопота.
503	йшекне яп блэт !
504	Сабантуй закончился,блэт кайчан экзаменнарыгыз бетэр инде.
505	7дэ жыелалар дигэн иде,нихуяда кеше юк иде,колгэн очон пизды бирмилэр.
506	блэт,соенеп куйган идем инде сине курмим дип)булмады инде)
507	Вот блэт, мин бит шэхэр баласы мин монда мунча курмим бит))
508	Бу машина хатын кызданда куп сорый бер айда ботенесе тералде май алыштыр тэгэрмэч ал страховка йоргэн кыз нихуя анламый(((
509	Ана калса, мин пиздатый жырчы)) яздыра башлыйм эле блэ)))
510	Белмэгэн килеш,эттем сектем язып утырмагыз монда
511	егет кеше уйлый аннары эшли- кыз кеше баштан эшли аннары уйлый нахрен мин шулай эшлэдем дип)))
512	маймыл куте,мин дэ сине яратам)
513	халляр ат сегэрлек буй гына житмей)
514	Эх сез матур кызлар ёбаный шалавылар...
515	Эчми торган маймыл бн эчэ торганны ничек аерып була...непутевый коментларыгызны Котеп,эчми торган адэм
516	Бар,сэбэбе сине сегэргэ тиеш тугел,маймыл
517	Язылган бит \"эктем сектем попсушникларнын сайты тугел\"
518	Бары тотып сегэчэк лучше кач !!!)))
519	себерке сойлэшми бит ул
520	Сез егетляр берраз гына буталдыгыз, нинди оч сегэ? алты!)
521	хэ язам инде тутырып,бирэлэр тучны  телефон тотмый сцук     
522	ат сегэр иде буе гына житмэй))
523	Ятып йокларга нахрен
524	уземэ инде 25 яшь(егет кеше) но блин акыл не хрена да юк....
525	бу яшьтэ эзерэк житди булырга кирэк икэнен анлыйм...но хаман да тиле сатып йорудэн туктамыйм=)))
526	Ильдар дорес язды, шалава…
527	Монда янгыр тугел кут пешэ)
528	шулай була ул егетен булмаса,маймылга кучэсен)))))))))))))
529	Адаш сегэсен син
530	Тоне буе эктем-сектем йоргэн кызлардан остенрэк курэм.
531	Группадагы язулар ошамый икән тогда нахрена монда подписались??? 
532	Эттем-сектем эйберлэр язмагыз, бик кирэк иде)
533	Иии жыен юк бар очен мозга сегэсез)
534	Баргач аларны сегэлэр ди
535	Егетлэргэ сорау: \"Кыз очен кут жырту!\" андый понятия бармы ул?
536	ул кадэрле тупой сорау бирмэгез инде....
537	тупость реально, кайчакта кызык
538	Менэ хэзер кут тобенэ килеп терэлгэч бер эйбер дэ белмибез.
539	директор ебаный дип эйтэлэр анда, подслушано мед.колледж дигэн группа тозегэн очен кутлэрен с##кэн.
540	урыс эйтмешли, какая х.й разница,главное минем язганны анладылар,э хата это ху...ня =)
541	акча очен кут жыртып китеп барган бит) авылдашларга концерт курсэтмичэ
542	кут белэн уйлауны туктатасы
543	мин как обычно, сонга калдым инде, кут битен генэ убеп алсам да житэ))
544	егетлэр каршысында, кут селкеп йорисе юк эле:)
545	Э  нигэ сразу кут катырырга?
546	жайлыда инде Хэзер интернет булгач, кут ошетеп йорисе юк кызлар эзлэп  урамда))
547	Мин тоже сорыйм эле: кеше тычкач кут кыза
548	кут катмасын очен яхшы киенергэ кирэк инде))
549	Урыс кутагым))
550	Алыгыз ,ишетмисезме әллә,теләсә кая куегыз бу дураны!
551	сон син аларга гел кут белэн борыласындыр.
552	Бар да яхшы,тик кут ката
553	Чаевой очен,кут селкеп йору килешми
554	Ник кут ертасын алар очен, эллэ узен дэ шул шарагада эшлисен?
555	Сунын жылылыгы 19 градус,ул кут катырыр очен менэ дигэн сузме инде?)
556	Авылда кут ката хазер, шэхэрендэ генэ ят инде)))))))))))))
557	минемча , ничек тэ булмаса , тэлэге де булса , булай киенсэлэр ул эйбэтрек инде , ачык кут белэн йоргенче ... ))
558	кут катырыргамы?)
559	Ах зарлардан туйган кунел ала блэззэт...
560	Кызларга:сез, кутагыма ябыгам дип чабасыз?
561	Мэгьнэле жырламагач кутагыма жырлап йори мени,син шул селэгэенне агызып йорисен инде шунда
562	кутагыма сугенэсенмэ сон алайса?)
563	Урыс кутагымнан белсенме татарча
564	кутагым кутэрелде кэеф юк
565	тикшерэ,кутагы торганлыгын)
566	Ник кутагым татар бит без
567	эй кутагым анда упкэли торган эйбер дэ юк бит)))
568	АКШнын узлэренен кысылмаган жирлэре юк,кутлэрен кысып тик ятсыннар
569	ни кутагыма русча язасыз узегез урыслашу турында?
570	сөйләшегез татарча хәм сегенмәгез урыслар арасында сытык кукәйләр кебек!)
571	Кайгы кутагым
572	Иначе кута**ыма өйләнергәме
573	Ул ирлэрне ничек кутлэренэ утыртырга индэ?
574	Прям эниен\"улым кутагына жон чыкмаган\"эле  диме???
575	Рамис кутенне алай кыздырма!
576	Була кутагым мин хэр елны шулай каршы алам :)))
577	кутенне кысып кына утыр
578	жэхэннэм кутендэ каян салыйм ди уземада сала алмыйм
579	Алар кутагым опг опг дип  кычкырып кына утыра белэлэр
580	канишны, кутагым, авыртсам эни орыша аннары_)))
581	И кутагым кутагым...)))
582	бер-беренэ ышанмагач ни кутагыма йорисез сон сез?)
583	Борчылма кутлэрен Дамир Амиреч сегэ аларнын , янган саламнары очен!!!!))))
584	Мунчада шпили вили уйнаганнар
585	хатыны булсада,кутагы сулга карый)
586	кутлэрен сегэр идем
587	Мин дустым алай итсэ, дустымнын кутен сегеп машинадан егып тошерер идем!
588	Абыен шулай дэвам итсэ, сегеп тэ атырлар, анын Куз алдында!
589	кутагыма кирак алдан ук билгеле була инде ул
590	Нэрсэ тычкаклайсыз эллэ??))
591	тычмаган куткэ,бук ябешмэй
592	Кит кутагым мина бабник булырга эле мина 12 генэ яшь
593	шэхэрдэ кутагым 80%кеше зарплатадан зарплатага яши,квартплата,бензин!!
594	Әй, ахмаклар, аның нәрсәсе җирәнеч?
595	яхшы татарлар хэзер эз хэм алар эллэ нинди маржаларга илэнэр.
596	читкэрэк киттек, и бу кыз сумкасыннан ике бутылка Ледоф чыгарды, берсен ачты, очтэн берен авызыннан гына залпом эчте,кил эле монда дип минем башны иснэде икенче бутылканы мина суза..честно говоря мин охуел...)
597	Но блять энилэр алып кайтып китте т к апай икенче авылдан иде.
598	Әнә, бер катнаш туйда марҗа кодагый үзенекеләр белән таныштыру вакытында “деверь, шурин, свояченица, сношеница”ларын тәмам бутап бетерде.
599	Бер марҗа хатыны малаен йөртте миңа.
600	Тулке менэ дуртенчегэ генэ менеп булмый, ни хуя!
601	эммэдэ лэкин бер оч ел элек шуны белдем кем миннэн колгэн аларнын тормышы хренова икэнен.
602	Сездэ барыгыз Шэбезбашка,ахуенно анда!!!
603	Ишекне бер карт марҗа ачты һәм кемне эзләп килүемне әйткәч
604	Әйтик, берәр үзгә кеше, берәр марҗа булса, ире күмелгән кабер түмгәген кочаклап, кычкырып бер елаган булыр иде, ләкин Надия аңа бармады, шулвакыт җанына шулхәтле читен булса да, ул тын торды, эченнән генә елады.
605	Шунда аларнын шпили-вили булды.
606	– Сыра заводына технорук булып килгән менә дигән марҗага өйләндем!
607	Мин үзем мәсәлән шулай итәм, әле бер марҗаның да, яки урысның да үпкәләгәнен күргәнем юк, киресенчә авызларын гына ерып торалар)).
608	Анлагыз хуево Этиен сина бары отчествосын гына калдырганда.
609	Ул старшийларын синен авылда гына невьебенно крутой инде по любому, казангамы анда или белмим нинди шэхэр сезгэ анда якын, барсалар узлэренен очколары жим жим дыр)))
610	хэм шул вакытта уйлап куясын инде нахуй надо дип.
611	Бөтенесе белә,я дурак
612	Мин сволочь.
613	Если син исэн-сау, таза, сэламэт, йореп торасын икэн шатланыгыз секкэн кызлар Хэм егетлэр шатланыгыыыыз.
614	Мужиклар сегеп атса?
615	Бу тош кенэ булган икэн, сегим диеп уйладым.
616	Кутагымы чэйнэмэ, алар бэйлэнсэ бэйлэнеер
617	Сука, сузем калмады:)
618	Шуннан \"бакча артындагы талда\" дия дия килеп чыккан раствррны корэк белэн против часавой булгатасын да и опять ябык форточкага \" заебааал храпеть уже \" дип кычкырасын)))
619	Сез куз алдына китерегез урысны кайсы урысча анламыйда сойлэшмидэ....... какой нахрен ул урыс була сон?
620	Эй кутагым заебали инде жылап, тегендэ бу, монда шул, сука нежные Блэт)
621	колбаса ашыйсыз, эллэ Анда итнен самый заебисеннэн фарш ясап яталар мы
622	хуй сезгэ, тараканы да, кумагы да шунда, секми дэ ашыйсыз эле лачтыр лочтыр, тэмле дип))
623	Ну бля, неужели булганына шокер эйтеп яшэп булмый?!
624	Мескен Ике суздэ эйтэ алмый калды кутенэ типтелэр
625	кутен ябышмасын)
626	берэунен дэ кутен катырып йорисе килми
627	ял коненда тик ойда  утырабыз инде, тышка щыксан кутен ката бит
628	Берузе яшэп карасын, кутенэ тигэч, тезлэнеп каршына басмас микэн.
629	Ирсез калам дип уйлама, бетмэс монда жыен бук.
630	Бу очракта кутене генэ тугел , эллэнэрсэлэрэне жыртырга була .
631	Бу илдэ кутен белэн кадак суырсан да ,кешегэ ярап булмый.
632	Актаныш урамнарын каммунальный них**да карамый,житэкчесе череп баеп бетте инде!
633	Токерэ хэзер халыкка , нигэ кутенэ тибеп чыгармыйлар !
634	Салкын эле,узен чык...кутене катып йор шунда))))
635	Барып кутен с*к
636	кутен сегелсен иртэгэ,пешеп чык парада утыра-утыра..:))
637	давай,крыса,сина да тэмле тошлэр..:))
638	кутенне дэ сортеп бирмэскэме?
639	Ииии Аллам сезне бит бэйлэп куймаганнар, кутенэ тибеп чыгар
640	але килэчэктэ аягын юып ,суында эчерер,мингерэу ишэк.
641	Бу татар халкының хурлыгы, аны нигә куясыз?
642	Татар башын татар ашаган,ул заманаларда да сатлык җаннар күп булган, урыс аракысына сатылып
643	Пычырак телле эдэм синен дэ кукэй эшен бармы кешегэ шулай язарга
644	ычкынып бара бу постепенно
645	Машинаны куып кертү өчен, гараждан бу машинаны куып чыгарырга кирәк, сарык
646	яшьлеген эрэм итэ инде, карт усырак белэн
647	Ххатынын балаларын ташлап, яшь хатынга илэнде, хазер мактанып, кутак бэете укып утыра
648	Давай мазга секмэ эле Иван
649	Акерма сарек кебек
650	авызынны сегим нэрсэ бу
651	ничек инде бу яшь матур кыз бу карт тэрене яратсан?
652	Акча очен берешеп беткэн бабай куенында яткачы,уз тинен, белан тормыш иту якшырак тугел микан.
653	косасы килэ инде бу Ильмирадан, жилбэзэк,ялганчы бер хатын инде..
654	Узбак кара халыкнын балаларын яклап ятканчы, татар телен саклап калса лар бик айбат булыр иде Миннехановка.
655	Инде кайда карама шул кара халык басты, жыен авыру шулар дан чыга, сасып йорилар
656	Кутак куз, барганда кая карый ул малай?
657	Кузенэ кутак ускэн штоли белэт
658	Эйдэ кутак чэйнэп йормэгез инде кичкэ таба
659	Чукеч то арга ойрэн, кутак кул, ананны себрим
660	Сектен син ашап.
661	Мунча мени бу кутагым, абаааау
662	Дивана ЧТОЛЬ Чапылдатма эле шул авызынны !!!
663	кайсы районнан чыккан бу ужым бозады
664	Сегеп салды блэт нормальный рулонны
665	Киракса узенне сегабез
666	Кешесенэ лэгэсен бит инде ээээ теленне кутенэ тыгалар точно, аннары елама яме
667	Секкечен сынмасын
668	Фу хашарат, аны сулап тормыйлар
669	Ник бу дуракны монда курсетелер дурдомга озатырга кирек
670	Бу нинди псих хатын?
671	Бу бит сэлэмэт кеше тугел, дивана..
672	Тычкак
673	Авызынны, улчэп ач берэз, оятсыз.
674	Уф кыяфэтсез Яруллин хэтле бул эле башта, оятсыз
675	Нишлэп бетте безнен егетлэр, хатын кыз сыман кут болгап жырлагач матур дип белэлэр микэн сон????
676	Сэхнэдэ дэ артистлар шулай кылана бит, гел кут болгап жырлыйлар.
677	Бушкуык, күптән вакыт иде
678	Кутагым блэт кутагыма шул эйберне уйлап чыгардылар мени кутак башлар кутагым
679	әнаңне сегәем бләт хайван жабыл
680	мозга секмә итәргә (
681	Э бу маржаланган әйтмим инде кем милләте буенча татар булып туган телен белми.
682	Юкны сойлеп утырма инде, елап стрисларга эз чыкмадын, кыланчык
683	утыралар дингэ бирелдек диеп ерилэрдэ эчеп Се...шеп дин белэн чиста булдык диеп ерилэр но халык дурак тугел Кайсы тишектэн чыканыгызны Белэбез
684	Халык санын алу якынлашкан мэлдэ нинди тозсыз шаярту
685	Артистлар сез сонгы елларны эллэ нишлэдегез, февраль аенда сэхнэ арты пычраклары сойлэпйордегез.
686	Жыен гайбэтче, мактанчык татар эстрадасында жыелган икэн.
687	Хатыны бик матур, но жырчы тугел, нечего аны ияртеп йорерге, ат дулаганда бака ботын кыстырган кебек.
688	Барда жырчы инде хазер этедэ бетедэ,акчан булса
689	Мишэр кутенне тишэр дип белми эйтмилэр шул.
690	Башка кайгылары юк от жира бесются илдэ сугыш бара артык акчаннны жибэр фронта оят кирэк шулкадэр кылануга
691	Уф Аллам нига кирак инде бу хатын монда.
692	Алла бар артис та эчкынды инде, тауба.
693	Ния бу ночной бабочка кебек киенгэн
694	Эстяга нишляден, алкаш хатынга ошагансын.
695	Бер кызыгыда Юк, сэхнэдэ сойлэргэ ойрэн аннан чыгарсын, юнсезлек бу кем кушты сина шулай кыйланырга, тэртипсез бигрэк жэлсен унышлар сина...
696	Радикне беля без, а син кем сон, узен сойляп, узен колясен, мягнясез
697	Кит бер колкоседэ юг, килештермилэр дэ ичмасам, надан ойорлэ, Радикнын тырнагынада тормый сыз бит, эзерэк чама белергэ кирэк
698	Татар телен кутарабез эдам колкесе
699	То Миннехановтан кола ,то мэрхум булган жырчылардан,узен матур итеп жырларга ойран бу артистлар кебек булырга манкан кипмаган,урынына утырасынмы юкмы син тартипсез нарса.
700	Син узенне сойлэгэннэрен яратмыйсын бит, ник кеше чэйнисен, ярты шэрэ тэнен куренеп тора торган кулмэк киеп жырладын, бэлки ул гаилэледер, гаилэсе бн яхшы торадыр, ирененне кара, ходаем, куркыныч, тишек ертыктан колэ ди, синен кебек.
